O1,O2,Count
ACCG,CGGT,3909
AACC,GGTT,3813
GGTA,TACC,3743
ACCA,TGGT,3692
ACGC,GCGT,3681
AAGC,GCTT,3662
ACCC,GGGT,3634
ACAC,GTGT,3626
ATCC,GGAT,3554
ACAG,CTGT,3548
ATCG,CGAT,3531
ACGG,CCGT,3526
CGTA,TACG,3499
CACA,TGTG,3497
GACA,TGTC,3490
CAGC,GCTG,3478
CAAC,GTTG,3471
GTGA,TCAC,3421
CACC,GGTG,3403
AACG,CGTT,3384
ACCT,AGGT,3372
AAAC,GTTT,3308
CGGA,TCCG,3282
GGAA,TTCC,3267
GCTA,TAGC,3220
CATC,GATG,3201
CCGA,TCGG,3182
ATGC,GCAT,3153
GCCA,TGGC,3145
GAGC,GCTC,3112
CACG,CGTG,3092
AGCA,TGCT,3076
AGTC,GACT,3075
CCAG,CTGG,3063
CCAC,GTGG,3055
ACGA,TCGT,3052
CTAC,GTAG,3050
AAGG,CCTT,3045
AGCC,GGCT,3033
ATAC,GTAT,3033
ACTC,GAGT,3022
AGAC,GTCT,3013
AGGC,GCCT,3012
GGCA,TGCC,3011
CCCA,TGGG,2996
AGGA,TCCT,2971
CGTC,GACG,2962
AGCG,CGCT,2958
CTGC,GCAG,2931
GATA,TATC,2930
AGAG,CTCT,2924
AACA,TGTT,2909
GAAC,GTTC,2908
CGCA,TGCG,2907
CAGG,CCTG,2906
GCAA,TTGC,2888
AACT,AGTT,2871
CGAA,TTCG,2867
CAGA,TCTG,2862
ATTC,GAAT,2861
GTCA,TGAC,2860
ACAT,ATGT,2835
GAGA,TCTC,2826
AATC,GATT,2817
CGAC,GTCG,2814
AGAT,ATCT,2802
GTTA,TAAC,2770
GCGA,TCGC,2764
ATCA,TGAT,2754
GACC,GGTC,2723
GGGA,TCCC,2641
CTTC,GAAG,2633
CCAA,TTGG,2609
GCAC,GTGC,2608
CTCA,TGAG,2606
AGTA,TACT,2605
ATGG,CCAT,2554
AGGG,CCCT,2543
ATTG,CAAT,2526
CTGA,TCAG,2508
AATG,CATT,2500
AAAG,CTTT,2480
CGGC,GCCG,2480
ATAG,CTAT,2454
CCTC,GAGG,2425
CATA,TATG,2418
CCGC,GCGG,2406
CCCG,CGGG,2402
GGAC,GTCC,2374
CTCC,GGAG,2351
CGAG,CTCG,2338
AGTG,CACT,2245
CGCC,GGCG,2243
CAAG,CTTG,2226
ACTG,CAGT,2215
CCCC,GGGG,2214
TCCA,TGGA,2212
GCCC,GGGC,2088
CCTA,TAGG,2077
GAAA,TTTC,2068
ATGA,TCAT,2055
AAGT,ACTT,2023
GTAA,TTAC,1932
CAAA,TTTG,1850
TACA,TGTA,1825
AAAT,ATTT,1786
AGAA,TTCT,1735
ACTA,TAGT,1688
ACAA,TTGT,1607
CTTA,TAAG,1581
AAGA,TCTT,1567
CCGG,CCGG,1472
AATA,TATT,1462
ATTA,TAAT,1450
GATC,GATC,1382
CATG,CATG,1371
GCCC,GGGT,1361
TGCA,TGCA,1299
AGCT,AGCT,1265
GTAC,GTAC,1240
ACGT,ACGT,1226
GGAT,GTCC,1214
CGCG,TGCG,1182
GCAT,GTGC,1124
GGCC,GGCT,1117
TGAA,TTCA,1114
GCGC,GCGC,1090
GGCC,GGCC,1082
CTAA,TTAG,1079
GGCG,TGCC,1005
GCGC,GCGT,1004
CGCG,CGCG,957
GCGG,TCGC,900
AGCG,TGCT,880
AATT,AATT,877
GCCG,TGGC,873
GACG,TGTC,869
GGCT,TGCC,846
AAAA,TTTT,837
GACT,GGTC,826
CTAG,CTAG,781
GTCG,TGAC,778
GCCT,GGGC,773
CGGG,TCCG,763
GCCA,TGGT,756
ATAT,ATAT,755
CATC,GGTG,739
CGCT,TGCG,725
CCGG,TCGG,721
GCCT,TGGC,720
CACG,TGTG,717
GAGT,GCTC,713
CGCT,GGCG,711
GGCA,TGCT,703
CGGT,GCCG,693
GGGG,TCCC,691
CGAT,GTCG,690
ATAA,TTAT,676
GTGG,TCAC,671
GTCT,TGAC,662
TCGA,TCGA,657
GAAT,GTTC,653
CACT,GGTG,650
GGAC,GTTC,643
GCTC,GGGC,641
TAGA,TCTA,629
TCAA,TTGA,626
CCTC,GGGG,621
CGTC,GGCG,609
GAGG,TCTC,604
GGTG,TACC,581
CCCG,TGGG,576
GACC,GGTT,572
GACT,TGTC,572
GGCC,GGTC,568
AGCT,GGCT,548
CGTG,TACG,527
CTTC,GGAG,519
GGAC,GTCT,512
AGAT,GTCT,512
AGGG,TCCT,511
CCGT,GCGG,501
TGCA,TGCG,501
GCAC,GTGT,496
CGGC,GCTG,495
AGGT,GCCT,470
CACT,TGTG,466
GAGC,GCTT,457
CTCT,GGAG,457
GCTG,TAGC,455
CGAC,GTTG,455
GTCA,TGAT,454
AACG,TGTT,444
GCTT,TAGC,435
CAGG,TCTG,432
CGCC,GGTG,431
ACAT,GTGT,429
CGTT,GACG,424
CCCT,TGGG,422
ACAC,GTGG,420
ATCG,TGAT,410
CCTG,CGGG,409
GGTT,TACC,408
CTGG,TCAG,403
CGTT,TACG,403
GATC,GGTC,401
CTGT,GCAG,394
ACAG,CTGG,393
GATG,TATC,388
GGCC,GGGC,382
AGCT,TGCT,379
ACCG,TGGT,379
GAAC,GTTT,377
CTGC,GCTG,376
CATT,GATG,373
CCCT,GGGG,371
GTTG,TAAC,367
GGAC,GTGC,367
CTCC,GGTG,367
CTCG,TGAG,360
GATC,GATT,355
CTCT,TGAG,350
CGGC,GGCG,350
AGTC,GGCT,349
ACTC,GGGT,341
ACCG,CGGG,340
AACT,GGTT,339
ACGG,CCGG,336
CATG,TATG,329
CAAT,GTTG,327
CCAT,GTGG,321
CCGC,GTGG,313
GTTT,TAAC,312
ACCT,TGGT,311
CATG,CGTG,310
TCCA,TGGG,308
ACGG,TCGT,306
GGAG,TTCC,305
AGCC,GGGT,303
CGCG,CGTG,301
CGGC,GTCG,292
CCTT,GAGG,290
TAAA,TTTA,289
CGAC,GGCG,288
GCAG,TTGC,279
CGAG,TTCG,278
AGCG,CGGT,276
ATGC,GCGT,273
ACGT,GCGT,272
AGCG,CGCG,271
CCAC,GGGG,271
ATTC,GGAT,268
AAAT,GTTT,266
CCTG,TAGG,263
ACTG,CAGG,262
CCTT,TAGG,261
GCGA,TCGT,260
CTGC,GTAG,257
GCAC,GGGC,254
AGGC,GGCT,254
CTGC,GCGG,249
GCGC,GTGC,247
AGAC,GTGT,246
TATA,TATA,244
CGAG,CTTG,243
CTGC,GGAG,238
CGCA,GGCG,238
ATCT,TGAT,233
GGCA,GGCC,233
GATT,TATC,232
GTAC,GTGC,230
GGAC,GTCA,229
CTTT,GAAG,225
CAGT,GCTG,225
GTGA,TCAT,223
GCAC,GTGA,221
CGCC,GGGG,218
GGAC,GTAC,214
GGCA,TGGC,214
CGTC,GATG,212
GGGC,GTCC,211
CGTA,GACG,209
CATT,TATG,209
CACA,GGTG,208
GGAC,GGCC,208
CTAC,GGAG,206
TGCA,TGCT,205
AAGT,GCTT,205
AGTT,TACT,203
CGGT,TCCG,202
CCTG,CTGG,199
CGGC,GACG,197
CCGG,CTGG,197
AACT,TGTT,197
ATGG,TCAT,194
ACCT,GGGT,190
CAGC,GGTG,189
ATGC,GGAT,189
CTGA,GCAG,188
ACCC,GGGG,185
GCGC,GGGC,183
CTTC,GTAG,180
CGGA,GCCG,180
GACC,GGTA,173
GACC,GGGC,172
CTTG,TAAG,172
AGAC,GTCG,171
AGCC,GGTT,170
CATC,GTTG,169
ACTG,CGGT,168
GGTA,TACT,167
CTTT,TAAG,163
GAGC,GGTC,161
GAAG,TTTC,161
CCGT,TCGG,161
CACC,GGGG,161
CCAG,TTGG,159
AGTG,TACT,159
GGCA,TGTC,158
ACGC,GCGG,157
CAAG,TTTG,157
CTCC,GGGG,156
ACGG,CCGC,155
AGGC,GCTT,155
GTGT,TCAC,155
CTAC,GTTG,154
ACTG,TAGT,154
CCGC,GGGG,154
GAAC,GTTA,152
ATCT,GGAT,151
CCTC,GTGG,150
AGTT,GACT,150
TACG,TGTA,150
AAGG,TCTT,149
GGGT,TCCC,147
GCGT,TCGC,146
GTAC,GTAT,146
ATTG,TAAT,144
TCGA,TCGG,144
TCCG,TGGA,142
GGGA,TCCT,142
CTCA,GGAG,142
GGCC,GTCC,138
AGAG,CTGT,138
AGGC,GCGT,136
AGCC,GGCG,136
ATCC,GGGT,135
GAGC,GCTA,134
CGGG,CTCG,133
ACTG,CTGT,133
CTAC,GTGG,133
AGGG,CCTT,129
GTTA,TAAT,128
CGTC,GAGG,128
AGCG,CGTT,127
GGAT,TTCC,126
GCCC,GGGA,126
CATA,GATG,123
CGTA,TGCG,123
GACC,GGCC,122
GCCA,GGGC,120
CACG,CGGG,118
CTTC,GATG,117
GCTA,TAGT,117
CGCC,GTCG,117
GCTA,TGGC,115
AATG,TATT,115
AGAC,GGCT,111
ATTG,CGAT,111
GGAC,GTCG,111
CTAG,CTTG,110
CGTG,CTCG,110
AGAC,GTTT,108
CCGA,GCGG,107
CGCG,CGGG,106
CTGT,TCAG,106
AATC,GGTT,105
CCTA,TGGG,105
AGAG,CTCG,105
AGCG,AGCT,104
ATAC,GGAT,103
AGGG,CCGT,103
GGCA,TGAC,102
ACGC,GGGT,102
CTAG,CTGG,102
ATAC,GTGT,101
ACAC,GTGC,100
CATA,TGTG,100
CGTC,TACG,100
CGAT,TTCG,100
AGAT,ATGT,99
AGCT,AGGT,99
TACA,TGTG,99
CATG,CTTG,98
GAGT,TCTC,98
ATTT,TAAT,98
ACTT,TAGT,98
GCGA,TTGC,97
AGGC,GCCG,97
CCCA,GGGG,96
ATGT,GCAT,96
GCTC,GTGC,96
AGCA,GGCT,95
ACAG,CTGC,95
CCGA,TTGG,95
GGTA,TGCC,95
ATCG,CGGT,94
CACC,GGCG,94
ATGG,CCGT,94
CTCC,GGCG,90
AGAG,TTCT,89
GTTA,TGAC,89
GACA,GGTC,88
CTTA,GAAG,88
AGCC,GTCT,88
CGTG,GACG,87
CGCG,GGCG,87
GCAT,TTGC,86
CCTA,GAGG,85
GACA,TGTT,84
TACA,TGTT,84
ATAG,CTTT,84
ATAG,CTGT,84
GTAG,TTAC,82
ATTT,GAAT,81
CAGC,GTTG,80
GAAT,TTTC,79
ATTG,CATT,79
AGGC,GTCT,79
CAAC,GGTG,79
ACGC,GCGC,79
AGTG,CGCT,79
ACTC,GAGG,78
ACAT,ATGG,78
AGGG,CGCT,78
AGCA,TGGT,77
CGCC,GACG,77
GTTC,TAAC,77
TCCT,TGGA,76
CGCC,TGCG,76
CTAT,GTAG,76
AGAG,CTTT,75
AGGG,CCCG,75
AGCG,CGAT,74
ATGC,GTAT,74
AGGC,GACT,74
GACC,GTTC,74
ACCG,CGGC,74
CGTC,GTCG,73
AACG,CGTG,73
CATC,TATG,73
GCTC,TAGC,72
AGGT,TCCT,72
AGCG,CACT,70
AGCC,GGAT,70
GCCT,TGGT,69
ACAC,GGGT,68
GGGA,TTCC,68
CTCA,TGTG,68
GCGC,GCTC,67
CGCC,GGCT,67
GAGC,GTTC,67
ACTT,GAGT,67
CGGC,GCGG,67
GGTC,GTCC,67
CAGA,GCTG,66
AGTG,CACG,66
AGCG,CTCT,65
AGCG,CGCC,65
GGTC,TACC,65
AGCC,GGCC,65
CTTC,GACG,65
AGCG,CGCA,65
CACG,GGTG,65
ACAG,TTGT,65
ATCG,CGAG,64
GTGA,TTAC,64
TGAG,TTCA,63
GTAC,GTTC,63
AATT,GATT,63
CTTA,TGAG,63
AGTC,GATT,63
GAAC,GTAC,63
AGTG,CATT,62
AGCC,GGCA,61
TAGG,TCTA,61
ACCT,AGGG,61
CGAG,GTCG,60
CGCC,GGCA,60
CGAC,GACG,60
GACA,TGGC,59
AACG,CGTC,59
CGCA,TGTG,58
AGTA,GACT,58
GGCC,TGCC,58
CGCG,CTCG,58
GGCC,GGCG,57
TACT,TGTA,57
ATGG,CCTT,57
AGCC,GACT,57
GCAC,GTGG,57
AGAT,ATCG,57
CTGA,TCTG,56
AACG,CGTA,56
CGAC,GTGG,56
AAAC,GTTG,56
ATCA,GGAT,56
TGAA,TTCG,56
CACG,CGCG,56
GGCA,TGCA,55
CGCA,CGCG,55
CTCA,TGGG,55
GACC,GGTG,55
CTAC,GAAG,55
GCGA,GCGC,54
CGAC,GTCA,54
ACCC,GGGC,54
GCAC,GCGC,54
AGTG,CTCT,54
CGAG,CTGG,53
ACGG,CTGT,53
CTGC,GCCG,53
CCAT,TTGG,53
GTCC,TGAC,52
CCTC,GCGG,52
ATAC,GTTT,52
AAGG,CCTG,51
TTAA,TTAA,51
AAGC,GCTG,51
AATT,TATT,51
GATA,TGTC,50
CATG,GATG,50
CTCA,TGCG,50
CTGA,TTAG,50
CGGA,TTCG,50
GATA,GATC,49
AAGC,GGTT,49
CAGG,CGTG,49
CACA,TGGG,49
CGAC,GTCT,49
GAAC,GTTG,48
CTTC,GAGG,48
CCTA,TTGG,48
GATC,GTTC,48
AACC,GTTT,47
CTCG,GGAG,47
ACCT,AGGC,47
GGAA,TTGC,47
AAGG,CGTT,47
CGCA,TGGG,47
GATC,TATC,46
AGGC,GCAT,46
AGTC,GACG,46
GTAT,TTAC,45
ACGC,GTGT,45
GAAC,GGTC,45
CCGC,GCTG,44
AGTC,GAGT,44
TATA,TATG,44
CCAC,GAGG,44
ATGT,TCAT,44
CTGG,GCAG,44
AGGG,CTCT,44
CAAG,GTTG,44
CATC,GACG,44
CCCC,GGTG,44
AGAC,GTCA,43
ACTC,GTGT,43
ACGG,ACGT,43
ACTC,GAGC,43
ATGG,CCAG,43
CACC,GGTT,43
GAAC,GTCC,43
CGAA,GTCG,43
AACC,GGTA,43
AAAG,TTTT,43
AGTC,TACT,42
ATTG,CTAT,42
AGCT,AGTT,42
GTCA,TGGC,42
ATCG,CGTT,42
CGTC,GCCG,42
GTCT,TGAT,42
CTAG,TTAG,42
GGCT,TGCT,42
AGAT,TTCT,42
AGCA,TGCG,42
CTAT,TTAG,41
CCTC,TAGG,41
CCAC,GCGG,41
CACC,GTTG,41
GGGA,TCTC,41
CGCG,CGCT,41
ACGG,CCGA,40
AGTA,TGCT,40
AGGG,CCAT,40
AACC,GGGT,40
CGGG,GCCG,40
GCAA,TTGT,40
ATTA,TGAT,40
GAGC,GCAC,39
CCAG,CGGG,39
ATTC,GAGT,39
GTCA,TGCC,39
CACG,CGTA,39
ATTC,GTAT,39
CCGG,GCGG,39
ACTA,TGGT,39
TCAA,TTGG,39
CAGC,GATG,39
ATGC,GCTT,39
CACG,CGTT,39
CAAT,TTTG,38
TCCA,TGGT,38
AACG,CTTT,38
ATAC,GAAT,38
GGTA,TATC,38
AGGG,CACT,38
CAGT,TCTG,38
CACG,CTTG,38
GCAC,GTAC,37
AGTG,CAGT,37
CGTC,GACT,37
AGAG,CTAT,37
CGGC,GCAG,37
ATAT,GTAT,37
GCCC,GTGC,37
CCGG,CGGG,37
AGAC,GTAT,37
ACAG,CTGA,36
CGAG,CTCA,36
GACC,GATC,36
GCCC,GGTC,36
CCCC,TGGG,36
GCCC,TGGC,35
ACAC,GTGA,35
AATG,CATC,35
CTCC,TGAG,35
CGAC,GCCG,35
CAGG,CCAG,35
CAAC,GTTT,34
ACCA,TGGG,34
AGCG,GGCT,34
CGAC,GTAG,34
CACC,GGTA,34
CACG,CGAG,33
CGCC,CGCG,33
CAGC,GCTT,33
CACC,TGTG,33
AAAC,GTTC,33
AGGG,CCCA,33
ACTG,CAGC,33
GCCG,GGGC,33
CACT,CGTG,32
AGGA,GCCT,32
AAGC,GCTC,32
TAGA,TCTG,32
GAGC,GATC,32
AACC,GGTG,32
ACCG,CGGA,32
ATTC,GATT,32
CTTC,TAAG,32
AGAG,CTCA,32
CATG,CATT,32
ATCC,GGTT,32
ATGA,GCAT,32
GAGC,GCGC,31
GGAA,TTTC,31
AGAC,GTCC,31
CAAC,GATG,31
CACC,GATG,31
CACG,CATG,31
GAGA,GCTC,31
AACG,CGGT,31
ATGG,CCTA,31
AATG,CGTT,30
CGTC,GACA,30
CGCC,GGAG,30
ACGT,AGGT,30
CCTG,GAGG,30
CCCG,CGTG,30
ACCG,AGGT,30
CCAG,GTGG,30
GAGA,TCTT,30
GCAC,GTTC,29
CGAG,CTAG,29
CAGG,CCTT,29
GACC,GGAC,29
CGAG,CTCT,29
AACG,CGAT,29
GTCG,TGAT,29
CAGC,GCCG,29
ACAT,TTGT,29
ACGG,CCTA,29
ATAG,TTAT,29
AATG,CTTT,29
GCCC,GGAC,29
TATA,TATT,29
GACC,TGTC,28
ATGG,CCTG,28
ATGG,CGAT,28
GGCG,TGCT,28
CCTC,GATG,28
ACGT,ATGT,28
GAGC,GCCC,28
CTGC,GAAG,28
CGCC,GGCC,28
AGCC,TGCT,28
AGTC,GACC,28
AACG,CGCT,27
CCCG,GGGG,27
ACGT,TCGT,27
AAAC,GTAT,27
ACGG,CCTG,27
GGTA,TTCC,27
GACA,TGTA,27
ACAT,ATGC,27
ACCG,CTGT,27
AGAT,ATTT,27
ATGG,CTAT,26
CGGC,GCCT,26
ATCG,CGAC,26
GGAA,TTCT,26
ACGC,ACGT,26
ATTC,TAAT,26
GCCC,GGGG,26
ATTA,GAAT,26
AAAC,GTTA,26
CACA,CGTG,26
GGGA,TGCC,26
AGTG,CACA,26
GGCT,GTCC,26
CTTG,GAAG,26
ACTC,GCGT,26
CGAG,CGCG,26
GATC,GCTC,26
TGAA,TTCT,26
CCGC,GAGG,26
AATG,CATG,26
CGTA,TAGG,26
TCAG,TTGA,25
CATC,GATT,25
GAGC,GCTG,25
CCCA,CGGG,25
ATCC,GGAG,25
AAGG,CCTC,25
GCGC,GCGG,25
GACG,GGTC,25
GGCA,TGCG,25
TGAT,TTCA,25
GAAC,GTGC,25
CGGA,TCTG,25
AGCA,CGCT,25
CTAC,GCAG,25
CATA,TTTG,24
GCCA,TGGA,24
AGGT,ATCT,24
CTCC,GAAG,24
AATG,CATA,24
CCCC,CGGG,24
ACCC,GTGT,24
ACCA,GGGT,24
GTCA,TGTC,24
CAAG,CTAG,24
CATG,CCTG,24
AACC,GGTC,24
ACGG,CCTT,24
CGGC,GCCA,24
CATC,GAGG,24
ACTG,CAGA,24
AAAG,CTTG,24
CCGG,CCTG,23
AAAG,CTTC,23
CCCT,CGGG,23
CCAG,CTGA,23
CTAA,GTAG,23
ACGC,GCGA,23
CAGC,GCAG,23
GGGA,TCAC,23
AGAT,ATAT,23
CAAG,CTTT,23
AGCA,TGTT,23
TGCA,TGTA,23
ATCG,GGAT,23
CTTC,GCAG,22
AAAT,TTTT,22
AAGG,CCTA,22
TAGA,TCTT,22
ATGC,GCTG,22
GTGA,TCGC,22
CCAA,GTGG,22
ATGA,TCGT,22
CACA,TGCG,22
CTTA,TTAG,22
AGGC,GCCA,22
CATC,GCTG,21
ATCA,TGGT,21
ACGG,CGGT,21
CGCA,TACG,21
ATTG,GAAT,21
ATAT,ATTT,21
CTTT,TTAG,21
AGCC,AGCT,21
AAGC,GTTT,21
CCAC,GTGA,21
GCCT,GGGT,20
GCGA,TGGC,20
AAGC,GCTA,20
GGTA,TAGC,20
AGCT,CGCT,20
CAAC,GTCG,20
AGTG,GACT,20
TAAG,TTTA,20
AAGG,CTTT,20
CAAC,GTTA,20
CGTG,TGCG,20
AAAC,GGTT,20
ATTC,GAAC,20
CGTA,TTCG,20
CAGG,GCTG,20
AGTT,CACT,20
ATCC,GGAC,20
TAAA,TTTG,20
ATGG,CCAC,19
AACT,AGTC,19
AATC,GATC,19
AGTC,GCCT,19
CGTA,TATG,19
ACGC,GCTT,19
AGTC,GTCT,19
CACG,CGTC,19
CGGA,TGCG,19
CATC,GATA,19
ATAT,TTAT,19
CAGC,GCGG,18
GGCA,TACC,18
AGAG,CTCC,18
AGGG,GCCT,18
ACTA,GAGT,18
CCGG,CCGT,18
CCAC,GTGT,18
GCGA,TCTC,18
TGCG,TGCG,18
ATAC,GTAG,18
GAAC,GATC,18
CCGA,CCGG,18
GGAG,GTCC,18
CTGA,TCGG,18
ATCC,TGAT,18
ACGC,GCTA,18
ACCC,GGGA,18
ACAA,TTGG,18
CTAG,GTAG,17
ACCT,AGGA,17
CCCG,CGGA,17
CAAG,CTTA,17
ATTG,CAAG,17
ACTC,TAGT,17
AGAC,GACT,17
ATGC,GCTA,17
GGCT,TGGC,17
ACTG,CCGT,17
ACGA,TTGT,17
CTAC,GTCG,17
GGGA,TCGC,17
ACCA,TGGC,17
CCGA,TCTG,17
ACGA,TCGG,17
CAGG,CCGG,17
CAAC,GCTG,17
GTAA,TTAT,17
AAAG,CTAT,17
GCCG,TGGT,17
CCGC,TCGG,17
AACC,GATT,17
GGTG,TGCC,17
GCCA,TGTC,17
AGGC,GCCC,17
GGGA,TACC,17
GCTA,TCGC,17
CTTA,TACG,17
GGCC,GGTT,16
AGAG,GTCT,16
ACGA,GCGT,16
GCAG,GTGC,16
GTTG,TGAC,16
CAGG,CTTG,16
GCGC,TCGC,16
TGCG,TGCT,16
CGTC,GAAG,16
CGAC,GTCC,16
TCAT,TTGA,16
AGTG,CCCT,16
ATGA,TTAT,16
GCTA,TTGC,16
CACC,GGAG,16
AGCA,AGCT,16
TCCT,TGGG,16
CCTA,CTAG,16
CAAA,GTTG,16
AAAG,CTTA,16
GGAA,TTAC,16
ATGC,GCAG,16
ATCC,GGCT,16
ACTT,AGGT,15
CGGC,TCCG,15
AATC,GATG,15
AATG,CAAT,15
AACT,AGTG,15
GAGA,TTTC,15
CCCC,GAGG,15
ACTT,ATGT,15
AGAA,TTGT,15
AAAT,ATTA,15
AACG,CATT,15
GGAT,GTGC,15
CGGA,TACG,15
GGAA,TACC,15
CCTT,GGGG,15
AATC,GTTT,15
AAGT,TCTT,15
CCCG,CGGT,15
GATC,GATG,15
GCAC,TTGC,15
GACA,TGCC,15
GAGC,TCTC,15
ACGA,TCGC,15
ATTA,CAAT,15
CATG,CCAT,15
TCCG,TGGG,15
AATC,GCTT,15
ACCA,CGGT,14
ATGC,GCAC,14
ATAT,ATGT,14
GCCA,TGGG,14
AACC,GGAT,14
AGAG,ATCT,14
CACC,GGTC,14
CTGC,TCAG,14
CAGG,CATG,14
CGCG,CGGC,14
AAAT,ATAT,14
GAAA,TTTT,14
ACAC,GCGT,14
AATA,TGTT,14
TCGA,TCGT,14
TACA,TGTC,14
CAAC,GTGG,14
CATA,CATG,14
AACA,GGTT,14
GCTG,TGGC,14
AACT,CGTT,14
CCCC,GGGA,14
CGTT,GGCG,14
ACAC,GTTA,14
ATAC,GCAT,14
ATCC,GAAT,14
GCAT,GTGT,14
GGCG,TGGC,14
AGAC,ATCT,14
CGGC,GCCC,14
CTGA,GATG,14
AGCA,TGAT,14
CGAA,TTTG,13
GACA,TGTG,13
ATAG,CTAG,13
GAGA,TGTC,13
CCTG,TGGG,13
AACC,GGCT,13
AGTC,GACA,13
ATTG,CAAC,13
CCAC,TTGG,13
CCCA,TGTG,13
ATCG,CGAA,13
ACGC,GCAT,13
ACCG,GGGT,13
AAAT,ATTC,13
ACAC,GTTT,13
GTTA,TTAC,13
CCAC,GTTG,13
GCCC,GCGC,13
ATCG,CAAT,13
AGGG,CCCC,13
GATA,TATT,12
GTGA,TGAC,12
ACAG,CTAT,12
CAGC,GCTA,12
AACA,TGAT,12
CGCA,TGCT,12
CCTT,TTGG,12
GGAC,GGCT,12
ACAG,CGGT,12
CGCG,TGGC,12
CAAC,GTAG,12
ATGC,GCCT,12
ACCA,TGGA,12
GCTT,TTGC,12
CATT,GGTG,12
GAAC,TTTC,12
AACT,AGTA,12
AAAT,ATTG,12
CTTA,TATG,12
ATTA,TTAT,12
CTAA,TCAG,12
ATGG,GCAT,12
AAGC,GCAT,12
CTCC,GTAG,12
ATCG,CGCT,12
AACT,AGGT,12
CACC,CGTG,12
ACCC,AGGT,12
ACGG,GCGT,12
GTCA,TGAG,12
CCCC,GGGT,12
GCTT,TAGT,12
CTTT,GGAG,12
ACCG,CGTT,12
TAGT,TCTA,12
AATC,TATT,12
GCGG,TCGT,12
GTAA,TGAC,12
ACGC,GCTG,12
GATA,TACC,11
AGAT,ATCA,11
AGTT,ATCT,11
ACAC,GTTG,11
GTGC,TCAC,11
AACC,AGTT,11
GAGC,GCGA,11
CAAG,CGCG,11
CGAA,TGCG,11
ACGT,ACTT,11
GTGT,TCAT,11
AATC,GAGT,11
AGCA,TGCC,11
AAAC,GTGT,11
GTCG,TGGC,11
AATC,GATA,11
GAAC,GCTC,11
AATA,GATT,11
GTAC,GTCC,11
AAGC,GATT,11
AACG,GGTT,11
CGCT,GTCG,11
CTGA,GAAG,11
ACTA,TTGT,11
CCAG,CCGG,11
GGTG,TACT,11
ATCA,TGAG,11
CCCC,GGAG,11
CCCG,CGAG,11
GTCA,TAAC,11
TAAT,TTTA,11
ATAC,GTAC,11
CCCG,CCGG,11
AACT,AGAT,11
AGAT,ATCC,11
ACAG,ATGT,11
GTGA,TCTC,11
ATAC,GTTG,11
AGAT,AGCT,11
CAGC,TCTG,11
ATCT,CGAT,11
GGTA,TAAC,11
AAGG,ACTT,11
AGAT,GTGT,11
AGGA,TCGT,11
ATCA,TGCT,10
GAAA,TTAC,10
ACTG,TGGT,10
GCCT,GTGC,10
GTAC,GTAG,10
GGCA,TTCC,10
ACAG,CTTG,10
CTCC,GGAT,10
CTTT,GTAG,10
CATC,GAAG,10
GCTG,TTGC,10
ATCC,CGAT,10
CTTG,TGAG,10
CGCA,TGCA,10
GTAA,TAAC,10
AACA,TGTG,10
CCTC,CGAG,10
ACAT,ATGA,10
ACCC,GGTT,10
GAGG,GCTC,10
GCGC,GGGT,10
CTAA,TTTG,10
AAGG,CCAT,10
CGAG,CGAG,10
ACAT,AGGT,10
AACA,TGTA,10
ACCA,AGGT,10
GTTA,TAGC,10
CCGG,TTGG,10
ATTG,CAGT,10
TAAA,TTTT,10
AAGA,GCTT,10
CCAG,CTAG,10
GGAA,GTCC,10
ATAC,GTTA,10
CAAG,CATG,10
AAGC,GCGT,10
GTTT,TAAT,10
CCGC,GCAG,10
ACAG,CTTT,10
CCGC,GCGA,10
AGCA,TGCA,10
TCCG,TGGT,10
CCCA,CTGG,10
CGAC,TTCG,10
ACAC,GTAT,10
GCTT,GGGC,10
AGCC,CGCT,9
GATA,TTTC,9
CAGA,CCTG,9
GAAA,TATC,9
CATC,CATG,9
GCCC,GGCC,9
ATTT,CAAT,9
AGAA,GTCT,9
CCAG,CTTG,9
GGTA,TCCC,9
AGCA,TACT,9
CTGA,TCCG,9
GTTA,TATC,9
ATAG,CTAC,9
CATG,TGTG,9
CGCA,TTCG,9
GTAA,TTCC,9
CCAA,TGGG,9
TGCA,TGGA,9
GCGT,TCGT,9
CAAG,CGTG,9
CTTC,GGTG,9
CAAG,CTGG,9
ATAG,GTAT,9
AAGT,ACTG,9
GGCC,GGTA,9
GAGT,GCTT,9
GGGA,TCCA,9
CCCC,GCGG,9
GTAT,GTGC,9
ACAG,CTTA,9
CCAC,GTAG,9
GAAG,GTTC,9
CTAA,TTCG,9
AAGC,GCCT,9
ATCA,TGTT,9
CTCC,GGAA,9
ACCC,TGGT,9
AGAG,CACT,9
CTGA,TGAG,9
CCGC,CGCG,9
GTGA,TCCT,9
ATAA,TGAT,9
ATAG,CTTG,9
TAGA,TCTC,9
ATTC,GCAT,9
ATGC,GAAT,9
CCTA,GCGG,9
ATAG,CGAT,9
AATG,CACT,8
AACA,CGTT,8
CCTA,TCGG,8
CCAA,TCGG,8
GGTG,TTCC,8
AGCT,ATCT,8
GCGA,TCAC,8
ACGT,ACTG,8
CGAG,TGAG,8
CCCG,CTGG,8
ACCG,CGCT,8
GACG,TGTT,8
ACTT,TTGT,8
GAGG,TCTT,8
ACTC,GAGA,8
CCTG,TTGG,8
ACCT,AGTT,8
GGTA,TACA,8
CAGG,CCTC,8
CTAA,TTGG,8
GCAA,TGGC,8
ATAG,CAAT,8
GCAA,TTGA,8
AGGC,TCCT,8
AGTG,CAAT,8
AGGA,TACT,8
CCAA,TAGG,8
ATGA,TGAT,8
GATG,TTTC,8
TGCA,TGCC,8
GGAC,TTCC,8
CACA,TGTT,8
AATG,CCTT,8
AAGG,GCTT,8
CGTA,TCCG,8
CCCC,GTGG,8
AATG,GATT,8
AGAC,GCCT,8
GACA,TGAC,8
ATCT,GGGT,8
ACAG,GTGT,8
CCAC,GTCG,8
AAAT,AATT,8
CCAG,CTGT,8
GCCA,TGAC,8
CTCA,GTAG,8
ATCA,TGAC,8
CAGA,TTTG,8
AGTC,GAAT,8
ATGG,CCAA,8
CAGC,GCTC,8
GATC,GCGC,8
ATAG,ATAT,8
AGAC,TTCT,8
CCGA,TGGG,8
CCGC,GCGT,8
GTGA,TCCC,8
CACG,TGGG,8
ATCC,GGAA,8
AAAG,CTCT,8
GACC,GCTC,7
GGAT,GTCT,7
GGCT,GGCT,7
GAGA,TATC,7
CGTG,TTCG,7
CCTA,TATG,7
ACAC,TTGT,7
CGAA,TTGG,7
CCGA,GAGG,7
ATTC,GACT,7
GGCT,GGGC,7
AGGG,TCGT,7
ACGC,GAGT,7
AGTA,CACT,7
CATC,GCGG,7
CGCA,TGAG,7
AATA,TTTT,7
CAGG,CCCG,7
CAAC,GTTC,7
GATT,GGTC,7
ATTC,CAAT,7
ACCG,CAGT,7
CGCG,CGGT,7
GGAA,TTCG,7
TCGA,TTGA,7
TGAA,TTTA,7
GGTT,TTCC,7
GCAA,GTGC,7
GCGA,TAGC,7
AGTA,TTCT,7
AGCC,GTTT,7
CAAG,CTCG,7
GGTT,TGCC,7
CTTG,TTAG,7
GGAA,TTCA,7
AGGA,TTCT,7
AATT,ATTT,7
CTCC,GCAG,7
GATA,TAAC,7
CGCG,TCGC,7
GGGC,TCCC,7
CTAA,TAAG,7
CAGT,CCTG,7
CTGC,GTTG,7
CCTT,CTGG,7
CGAT,CTCG,7
AACC,TGTT,7
CAAA,TTCG,7
TGGA,TTCA,7
GAAA,TTTG,7
GGCC,GTAC,7
CTTC,GAAT,7
CCGC,GCCG,7
GTAA,TTGC,7
CATT,TTTG,7
GAGC,GCGT,7
GCTC,GGGT,7
TAGG,TCTG,7
AACG,AGTT,7
CCAG,TCGG,7
CCAA,GCGG,7
CAGG,CCTA,7
GCCA,GGGT,7
ATTT,TTAT,7
GGAA,TGCC,7
GGTG,TAGC,7
ATAA,TAAT,7
CCAA,CTTG,7
GCTG,TAGT,7
TACG,TGTG,7
CTAA,GCAG,6
GAAA,GTTC,6
AGTG,CACC,6
ACCG,CGTG,6
GAGC,GCAT,6
CAAA,TGCG,6
GACC,GGCT,6
GTAT,TGAC,6
CCCA,TAGG,6
TCCC,TCCG,6
CTAT,TAAG,6
CGGG,TCCC,6
CGCT,GACG,6
CTTT,TGAG,6
ACGA,CCGT,6
GCGT,TAGC,6
GCTG,TCGC,6
AACA,TGTC,6
ATTC,GAAG,6
GCTT,TGGC,6
GTAC,TTAC,6
CTTA,TAGG,6
CGTC,GGAG,6
GCCC,TGGT,6
GTGG,TCAT,6
AGCT,GTCT,6
CCTT,GTGG,6
AAGT,AGTT,6
AGAA,ATCT,6
GTTT,TTAC,6
ACAT,GGGT,6
CGAA,TACG,6
AAGT,ATTT,6
CGGT,GGCG,6
AGCA,TTCT,6
CCGG,TCCG,6
AATA,AATT,6
GGAC,GTTT,6
AAAC,GATT,6
AGAA,TGCT,6
ACCA,TGTT,6
GCTT,GTGC,6
GATA,TATA,6
ACAA,GTGT,6
AGTA,TATT,6
ATCA,CGAT,6
AAAC,GTCT,6
ACAC,GAGT,6
AAGG,CATT,6
CGAA,TCCG,6
ACAC,ATGT,6
CAAC,TTTG,6
TACA,TGCA,6
TAAA,TTTC,6
CACA,TGTA,6
CGTA,TACT,6
CATT,GTTG,6
CCTC,GAGT,6
ATAC,GTAA,6
ACCC,GGAT,6
CCTC,GAAG,6
GTTA,TACC,6
ACTG,TTGT,6
GGTT,TACT,6
GGAG,TTGC,6
TATA,TGTA,6
CAGA,TCGG,6
ACAA,TTGC,6
ACCT,CGGT,6
TGAG,TTCG,6
ATGG,CAAT,6
GCAC,GTAA,6
ACGA,ACGT,6
GTAA,TTTC,6
CTGT,GCTG,6
GCAC,GGGT,6
CGCT,TGGG,6
GTTT,TGAC,6
GGGG,TCCT,6
AATT,CATT,6
GCTA,GGGC,6
ATAA,GTAT,6
AACA,AGTT,5
GGGA,TCCG,5
GCCA,TCGC,5
ACTG,AGCT,5
AAAG,CTGT,5
GGAA,TCCC,5
TATA,TATC,5
AGGA,TGCT,5
GCAT,TTGT,5
ATAA,TTTT,5
ACAG,TTGG,5
CAAA,TTGG,5
GGAT,GTCA,5
TGGA,TTCG,5
CATC,GATC,5
AACT,GTTT,5
GGCC,GGGT,5
ACGG,CCAT,5
ACGG,CCCT,5
GGGG,TTCC,5
AAAA,TTAT,5
TGCA,TGTG,5
ATAG,CTTA,5
CATG,TTTG,5
CAAG,CTTC,5
AACA,TGGT,5
AGAA,CTCT,5
CTAC,TTAG,5
CCGC,CCGG,5
GGTG,TCCC,5
GGGG,TCTC,5
CGAG,CTCC,5
CGCC,GCCG,5
GCGG,TTGC,5
CCTC,CGGG,5
AGCT,TGGT,5
ATCA,TAAT,5
ACTT,GGGT,5
TCAA,TTGT,5
AAAC,ATTT,5
ATGA,CCAT,5
GGGT,GTCC,5
GACG,TGGC,5
ACTA,TAGC,5
GGTT,TAGC,5
GAGA,TCTA,5
ATCC,GTAT,5
ATTG,CCAT,5
ATGA,TCTT,5
GGCG,TGCA,5
GATC,GTAC,5
CGTC,GACC,5
AGGT,GCGT,5
ATCG,CGTA,5
CTGA,TCAT,5
GGAC,GTTG,5
CTCT,GGTG,5
TCTA,TGGA,5
AATC,GAAT,5
GCGT,GTGC,5
AAGC,ACTT,5
AGCT,GGGT,5
CACG,CTGG,5
GACT,TGTT,5
GCAT,GGGC,5
GTCT,TGGC,5
GGCC,GTTC,5
CTCT,GGCG,5
CTTT,GATG,5
CTCA,TGAA,5
ACTG,CATT,5
GCCG,GGCC,5
ACTC,GAAT,5
GCGG,TGGC,5
AGTA,TAGT,5
GTAA,TCAC,5
CATA,GTTG,5
ACTC,GATT,5
GGCC,TGCT,5
GTGG,TCGC,5
AGTG,TAGT,5
AGGT,GGCT,5
CGGA,GACG,5
TAAT,TTTG,5
ATTC,GAAA,5
AATC,AATT,5
ATCG,CTAT,5
CCTC,GAGA,5
CATG,CTAG,5
ACAA,TGGT,5
GATA,TAGC,5
GCGT,GGGC,5
CTAT,TCAG,5
TACG,TGTT,5
AGTC,CACT,5
GATC,GGTT,5
CGAA,TTAG,5
GAGC,GCCT,5
GATG,TGTC,5
GACG,TGTA,5
CAGA,TATG,5
GCAG,TCGC,5
ATGG,TCCT,5
CGGG,TTCG,5
AATT,AGTT,5
AATG,AATT,5
CCTC,GGTG,5
ATAA,ATAT,5
CGGA,TCAG,5
CCGC,GCGC,5
GCCA,TTGC,5
CGGT,GCGG,5
CTAC,GGCG,5
TAGA,TATA,5
CGGA,TCGG,5
AATA,CATT,5
ACGA,TGGT,5
AGTA,TACA,5
CCTT,TGGG,5
CTTA,GTAG,5
ATGG,TCGT,5
CAAT,CTTG,5
GCGA,TCGG,5
CCAA,TTTG,5
CGCG,CTAG,5
GAGT,TCTT,4
CATG,GGTG,4
TTAA,TTGA,4
GGTG,TATC,4
AAGG,TCTA,4
GGTT,TATC,4
GCTC,GGTC,4
GCGA,TCGA,4
GAGA,TCAC,4
AAGG,CCGT,4
CTAT,TGAG,4
GCGA,TCCC,4
ATTA,TAGT,4
GGGC,GGTC,4
CGGA,TCCT,4
GTTT,TACC,4
CGTT,TAGG,4
GGCA,TACT,4
AGAA,TACT,4
GGAC,GTGT,4
AAGA,TCTA,4
TAGG,TCTT,4
GGGT,TACC,4
ATTA,TAAC,4
TGGG,TTCA,4
ATCC,GCAT,4
GAAT,GTAC,4
CTAC,GTAT,4
CAGA,TCCG,4
ACCC,GCGT,4
CGCG,CTTG,4
CCGA,GTGG,4
ACAG,CTCT,4
GCAG,TTGT,4
CGCG,GCGG,4
GACA,TTTC,4
CACT,TGCG,4
GTTG,TAAT,4
ATTG,CAAA,4
GCTC,GGCC,4
CAGA,TGTG,4
AGTT,TTCT,4
ACTT,TGGT,4
AAGT,ACTC,4
GCGT,GCGT,4
CAAG,TGCG,4
AGTA,TACG,4
CTCG,TGGG,4
CTCA,TTAG,4
TACC,TGTA,4
AGCG,TGGT,4
TCAG,TTGG,4
AAAG,ATTT,4
ATTG,TGAT,4
CGGG,TCTG,4
GGTC,TACT,4
AGCG,CTTT,4
CGTG,GGCG,4
AGTG,TGCT,4
AGAG,CGCT,4
CAAA,TGTG,4
GGGT,TCGC,4
GAAA,TGTC,4
GAGA,TCGC,4
CGAT,GTGG,4
ATAA,TTGT,4
CAAA,TTTT,4
ATAT,CTAT,4
GGAC,GTTA,4
GTCT,TGCC,4
GCAG,TAGC,4
ACGA,TCTT,4
GAGT,GGTC,4
TGAT,TTCG,4
GTTG,TAGC,4
CTTT,GCAG,4
ACCT,GGGG,4
GAAT,GTTT,4
AGAC,GTTG,4
CATG,TCTG,4
CCTG,CTAG,4
CTCG,TGTG,4
ACTG,ATGT,4
AGGA,TCTT,4
CCCT,CTGG,4
GCAC,GTCC,4
ACAA,TTAT,4
GTAG,TGAC,4
AACT,AGCT,4
ACAG,CCGT,4
GAAA,TTCC,4
AGGA,CCCT,4
CCGG,TGGG,4
TTAA,TTAG,4
AAAG,CGTT,4
AATC,GACT,4
AAAT,ATCT,4
ACGA,TCTG,4
ACAC,GTCT,4
CCAG,CTCG,4
GCGA,TTGT,4
GGCG,TGAC,4
ACGT,CCGT,4
GGCG,TGTC,4
GGTC,GTTC,4
ACTA,TAGG,4
CATA,TAAG,4
CTGC,GCAA,4
CATT,TGTG,4
TTAA,TTTT,4
GTGT,TAAC,4
GACT,GTTC,4
CTTA,GGAG,4
ATGT,CCAT,4
CTGC,GCAT,4
CGAT,GACG,4
GACT,GGTT,4
ACTT,CAGT,4
GAGA,TCTG,4
GATT,TATT,4
CTTC,GTTG,4
CGCG,CGTT,4
CCCA,TGGT,4
GCGC,GCTT,4
AGCT,TACT,4
AGAG,TTGT,4
GCGC,GTGT,4
TTAA,TTAT,4
AACA,TGCT,4
CCAC,TGGG,4
ACAT,ATTG,4
AGGG,TCAT,4
ACCC,GAGT,4
CCAA,TTGA,4
GCAA,TCGC,4
AAGA,CCTT,4
ACGC,GTTG,4
CTGA,GTAG,4
AGGC,CCCT,4
GATC,GGCC,4
GTGA,TAAC,4
GATT,TTTC,4
CAAA,TATG,4
AAGC,GCGA,4
CACC,GCTG,4
AGCC,GGTG,4
AGAA,TTTT,4
CTAG,CTAT,4
CACA,TGAG,4
CTAG,CTCG,4
GTTA,TCAC,4
GACT,TGGC,4
GCCA,TAGC,4
CTAT,GTTG,4
TCCA,TGGC,4
CACA,TATG,4
CTTA,TCAG,4
GCAA,TTTC,4
CAGA,TCTT,4
GGTT,GTCC,4
ATCC,GGTA,4
ATCG,CTTT,4
ATTG,CTTT,4
CCAC,GTGC,4
GCCC,GGAA,4
AATA,TAAT,4
ATCT,TGGT,4
ACAA,TCGT,3
TGAG,TTCT,3
CGCG,TGGG,3
CTTA,GCAG,3
CTGT,TGAG,3
AGGC,GCTA,3
GGCG,TAAC,3
ACAA,TTGA,3
AACT,ATTT,3
CCAG,GCGG,3
AATT,GGTT,3
ACTC,CAGT,3
GGGC,GTAC,3
GACG,TCTC,3
ATCA,TGAA,3
AAGT,CCTT,3
GCGC,GCTA,3
ACTT,GAGG,3
CGTT,TACT,3
CGTG,CTTG,3
CGAT,GTTG,3
CTAT,GGAG,3
TCAA,TCGA,3
GCGC,GTTC,3
CGCG,CGGA,3
AGGT,GACT,3
AGAT,TTGT,3
GTCC,GTTC,3
CATC,TTTG,3
AGTG,CATA,3
CTTT,TACG,3
CGTT,GTCG,3
CATT,GCTG,3
CCGG,TAGG,3
CACC,GTGG,3
CCCT,GTGG,3
CATG,CTGG,3
CCGA,TAGG,3
TGCA,TGGG,3
AGCT,CACT,3
CGGA,CTCG,3
ATAC,GTGG,3
ATTG,CACT,3
ACCA,TTGT,3
AGCG,CTAT,3
GCAT,GTGA,3
AGCG,TGCA,3
ACCC,CGGT,3
AGAT,CTCT,3
GAAC,GGTT,3
CATA,TACG,3
CTGG,TCGG,3
AAGA,TATT,3
AAAT,ACTT,3
CCAT,CTGG,3
ACAA,TAGT,3
CTTC,GGCG,3
CGAT,TGAG,3
GAAA,TCTC,3
ATGC,GCAA,3
CCTC,TGGG,3
GACC,GACC,3
CTAC,GTAA,3
CCAA,CTGG,3
AGGA,TCCG,3
CGTT,TGCG,3
CGCC,GTTG,3
GGGG,TGCC,3
GACT,GGGC,3
CGTA,CTAG,3
CAGG,TCGG,3
CATA,TATA,3
ATAC,GTGA,3
CCCA,TCGG,3
GACA,GCGC,3
CCAC,CGGG,3
CTGA,TCAA,3
AGGG,TTCT,3
CGAG,TTAG,3
CATA,TAGG,3
GCCC,GGTT,3
CTGG,CTGG,3
CCGT,CGCG,3
CAAA,TCTG,3
GGCA,TGTT,3
CTTC,GAAA,3
GATC,GTGC,3
ATGA,TCAG,3
GTGG,TTAC,3
TCGG,TCGG,3
CTTG,GCAG,3
CTCT,TGGG,3
GCCA,GTGC,3
GACT,TATC,3
GATA,TTGA,3
CCCC,GGGC,3
GGAT,TGAC,3
AAGT,ACTA,3
ATCG,GATC,3
CGCA,TGCC,3
TAGG,TCTC,3
ACCT,ATGT,3
GCTA,GTGC,3
CATC,GGAG,3
AGAA,TTCA,3
AGGC,GCTG,3
GAAA,TTGC,3
ATGT,GGAT,3
CTAG,TAAG,3
AGGT,GCAT,3
CATA,TGCG,3
GCAA,TTAC,3
GAGC,GGTT,3
TAGA,TGTA,3
GAAT,GGTC,3
CTGA,TAAG,3
ACTA,ATGT,3
CCGA,TCGT,3
AGTA,GGCT,3
CTGG,TTAG,3
CGGT,TACG,3
GCTC,GTGT,3
CGAA,TTCT,3
ACAG,CAGT,3
GGAG,TGCC,3
GGCG,TTCC,3
GGCA,TGAG,3
CGTC,GGGG,3
AGGG,CCTA,3
ACCT,GGGC,3
CGCT,TCCG,3
CACC,GCGG,3
CGAC,CTCG,3
AAGA,TCTC,3
AGTA,TACC,3
AAGG,CCCT,3
AATA,TATC,3
ATGG,CCCG,3
AAAA,TTTG,3
CAAT,TGTG,3
ACCG,TGGG,3
CTGT,GGAG,3
GACG,GTGC,3
GGAC,GTAT,3
CCCT,TAGG,3
TCCT,TGGT,3
GTCA,TGCT,3
GTCG,TGAG,3
AACT,ATGT,3
CTCT,GCAG,3
CGTT,GACT,3
CGGT,GCTG,3
AGTA,TCCT,3
CAGA,TCAG,3
CTGA,TTGG,3
CCGT,TTGG,3
GGAT,GTTC,3
CTAA,TGAG,3
ATTA,GGAT,3
CTGC,GTCG,3
GGAT,GTAC,3
AGGG,CCTG,3
GCGA,GCGT,3
GCGC,GGTC,3
ATGG,TCTG,3
GTTG,TTAC,3
CAGG,CCCT,3
CCGA,TCGA,3
GTGC,GTTC,3
TCTA,TTGA,3
GGAT,TGCC,3
GCGG,TCGA,3
CGCT,GGCC,3
GGAG,TACC,3
GGAT,TTGC,3
CTAG,CTTT,3
CAGT,CATG,3
CGTG,TCCG,3
AGTC,GATA,3
CTGT,GCGG,3
CCGG,CGGT,3
ACCC,GGTG,3
CTAC,GATG,3
CTCC,CTCC,3
ACTG,CAAT,3
ATAC,GTCT,3
ATGT,GCGT,3
CCTT,GCGG,3
CGGG,TCGG,3
CTAA,GAAG,3
GCCC,GTGT,3
CTTT,GAGG,3
CGAG,CGTG,3
GAAC,GTGT,3
GGGT,TCCT,3
GGGG,TCGC,3
ACGA,TCAT,3
AAAC,TTTT,3
CACG,GTGG,3
CGAG,TTGG,3
ATCG,TGGT,3
CATC,TGTG,3
TCAC,TTGA,3
CACT,TGGG,3
GATC,TGTC,3
CTTC,GCTG,3
AGTC,GGGT,3
CTTC,GATC,3
GTCT,TGTC,3
TCTT,TTGA,3
CGAA,TTCC,3
GAAA,TTTA,3
AGAA,TTCG,3
CGAT,TACG,3
CAGA,GTCG,3
GCTC,GTTC,3
CCAT,TCGG,3
AATG,CAGT,3
ACTG,GAGT,3
GCCT,TTGC,3
GCAA,TTGG,3
ACAA,CTGT,3
CACT,GTTG,3
TCTG,TGGA,3
ATGC,GCTC,3
AGCC,GCCT,3
CCTC,GAGC,3
ATTC,TGAT,3
ATCC,GGTG,3
GGGG,TCAC,3
CACG,CCGG,3
GATA,GGTC,3
GATG,TATA,3
AACA,TTTT,3
TGTA,TTCA,3
AGAC,GTTC,3
GATA,TCTC,3
CGTC,GGTG,3
CGAG,TTTG,3
CGAA,CGAG,3
AACG,CCTT,3
CAAA,GATG,3
GAAC,GTGA,3
GGCC,GGTG,3
GCTA,TAAC,3
GCAA,TAGC,3
ACGA,TCGA,3
AGGT,TGCT,3
CTGG,TGAG,3
AGCT,GGCG,3
CCTG,TCGG,3
ACGG,CAGT,3
CTGC,GACG,3
CCGG,CTTG,3
CGGT,TGCG,3
GTGG,TCTC,3
GGGA,TCGT,3
CTAG,TCAG,3
ATTG,TTAT,3
CTTG,CTTG,3
AGCG,TGCG,3
TATG,TGTA,3
ACTA,TCGT,3
ACCG,CGAT,3
GACT,GGAC,3
ATGA,TCTA,3
AAGA,TCGT,3
ATTG,CATA,3
GGTA,TATT,3
CGGA,TCCA,3
TGCC,TGCT,3
CATA,GACG,3
ATAT,GGAT,2
CTCA,TGAT,2
GGTA,TTCT,2
AGAG,CCCT,2
CGCT,GGGG,2
ATTG,CAGC,2
AAGG,CCGA,2
CAGT,TTTG,2
CCGA,TCCG,2
GTAT,TCAC,2
CGCG,GCGT,2
CAGC,CGCG,2
GCCG,GTGC,2
CTGC,GCAC,2
CTCG,TGCG,2
GGAA,TACT,2
GATT,TGTC,2
CCCA,TGAG,2
CGGT,GCCC,2
AAGC,GTCT,2
TGAA,TGAG,2
GACT,GATC,2
TAAG,TTTT,2
GAAC,GGCC,2
TCGA,TGGA,2
AGAA,TTAT,2
TAGT,TCTG,2
ACGC,TCGT,2
ATGG,CTCG,2
CGGG,TACG,2
TCCA,TCCT,2
TGAA,TTAA,2
ACAA,GAGT,2
GTCG,TCAC,2
AAGC,CCTT,2
GCTC,TTGC,2
CGGA,TCCC,2
GCTG,GGGC,2
GCGC,TCGT,2
GACC,GATT,2
ACTG,CCTT,2
ACCA,CGGG,2
ATGG,CCCC,2
ACAT,ATTA,2
CCAC,CCGG,2
AGGA,TCAT,2
GCTA,TAGA,2
ATAC,ATAT,2
CGAG,CTTA,2
GTCA,TTAC,2
CAAG,TTGG,2
ATGG,CCCT,2
ATGC,GACT,2
GCTA,TGGT,2
AACC,GTGT,2
TCCC,TGGA,2
GTAC,GTGA,2
ATTG,TACT,2
CGGG,CTAG,2
CACT,GGTC,2
ATTA,TATT,2
CAAA,TTAG,2
GGTA,TAGT,2
CCCG,TGGA,2
AGGT,CCCT,2
GCGA,TCTT,2
CCCG,TAGG,2
CGTA,TGTG,2
ATTC,GCGT,2
AAGA,TGTT,2
TCCA,TGTA,2
CTAC,GCTG,2
GTTT,TCAC,2
CAAT,TCTG,2
AGGC,GGCC,2
GCCG,TGTC,2
AACG,TTTT,2
AATG,CTGT,2
AGTT,GCCT,2
CCCA,GTGG,2
ATGG,CCTC,2
ATCC,GGGG,2
AAGT,AATT,2
GAGT,GTTC,2
CAGT,GCTT,2
CTGC,TCGG,2
CGCG,TGAG,2
ACAA,ATGT,2
ACCT,AGAT,2
GCTC,TGGC,2
ACCT,AGCT,2
GCGG,TCCC,2
GGGG,TACC,2
AAAC,GCTT,2
CAGC,GCGA,2
AGCT,GGTT,2
AGAG,CTTA,2
AGGG,CCTC,2
TGGT,TTCA,2
CGAA,TGAG,2
CGCA,CTGC,2
TACA,TGAA,2
CCTA,GGGG,2
CTTT,TAGG,2
CGAA,GACG,2
GTTC,TAAT,2
AGTC,GGTT,2
CACC,CGGG,2
ACGC,GATC,2
ACGG,CCAG,2
TGCG,TTCA,2
ACGG,CGTC,2
CGAG,TCCG,2
AGAT,GTCA,2
GTCT,TTAC,2
ATGC,TCAT,2
GTAC,GTTG,2
ACTT,ACTT,2
AGAC,GTTA,2
GATC,GGGC,2
AAAA,GTTT,2
CTAC,GGTG,2
AGCC,GTAT,2
GTAC,GTCG,2
CACT,GCTG,2
CGAC,GGGG,2
CGGC,GATG,2
CATC,GGGG,2
GGAC,GGTC,2
GATA,TATG,2
GCGC,GGCC,2
GCCA,GCGC,2
GCCG,TGGG,2
AGAC,GAAT,2
AAGT,ACGT,2
GGCC,GTCG,2
CGAG,TACG,2
ATGC,GCGG,2
ATAT,TGTT,2
GAAT,GATC,2
GTAT,TTAT,2
AAAA,TGTT,2
CTTT,GACG,2
AGGG,TCCG,2
CCGT,TGGG,2
GGCC,GTGC,2
ATGG,CCGG,2
CAAA,CTTG,2
GTGC,TCAT,2
GTGG,TAAC,2
GATG,TATT,2
ACGG,CATT,2
TCAT,TTGG,2
TCGA,TTGT,2
GCGG,GTGC,2
AGAT,GACT,2
CCTC,GACG,2
GACC,TGCC,2
AGTT,GAGT,2
GATT,GCTC,2
CTGC,TGAG,2
GGGT,GTCT,2
CCTA,GATG,2
GACG,GTCG,2
TGTG,TTCA,2
CTTG,TAGG,2
GGGC,GTTC,2
ATGA,TCAC,2
AGGC,GCTC,2
GCTA,TATC,2
CCCA,TGGC,2
GACG,TGAC,2
AGCC,GGTA,2
AGCG,TGAT,2
ACCG,CGTA,2
CATG,TAGG,2
ACCA,ACGT,2
AGCG,CTGT,2
CTGT,TAAG,2
ATGT,TCGT,2
GGGT,TCAC,2
GAAC,GTCT,2
AGAC,CTCT,2
AGTA,TATA,2
TCCA,TGAG,2
CGGC,GGCC,2
CCAG,CGTG,2
CCAT,TGGG,2
AGTG,CATC,2
TACG,TGAA,2
AGGG,CCGG,2
CATC,CGGT,2
AAAT,AGTT,2
GCCC,GGCG,2
AAGC,GATC,2
CGGG,TGCG,2
GCCT,TGAC,2
CAGC,GGCG,2
GAAC,GCGC,2
CTTC,TGTG,2
GTGA,TCTT,2
CCGT,GTGG,2
ATAC,TTAT,2
GACT,TCTC,2
CATA,GGTG,2
CGAC,GGAG,2
AGCT,TGCC,2
AAGG,TCGT,2
CGCG,TGCA,2
GGTC,TGCC,2
CTGA,TTTG,2
ACTC,GATG,2
CTCT,TGCG,2
CATA,GCCG,2
GGTC,GGTC,2
CGTC,TGCG,2
ATGC,GCCG,2
TGCG,TGGA,2
CTTT,TTTG,2
TGAC,TTCA,2
TACT,TGTG,2
CGTA,TACA,2
GCCT,GGTC,2
CGAT,GTCA,2
CTAT,TACG,2
GCGG,TCTC,2
ATCC,TGGT,2
ATCG,TCAT,2
GCCT,GGGA,2
GAGT,TTTC,2
AGCC,GAGT,2
AGAT,GGCT,2
ATTG,CAGG,2
CCGT,TAGG,2
CCGA,TCAG,2
ACTA,TAGA,2
ACGC,GCTC,2
CCGA,GACG,2
GCTG,GTGC,2
GACC,GTGA,2
TGCA,TTCA,2
GGTA,TGCT,2
GTGA,TGAT,2
GGCT,TGCA,2
CGTA,TGAG,2
CGCT,GGTG,2
AATG,CAAC,2
AAAG,CATT,2
AACT,AATT,2
CCAA,TTCG,2
GTGA,TTAT,2
GGAC,GGGC,2
CACT,GGTA,2
CACG,CAGG,2
AGTG,CGAT,2
ACAC,GTCG,2
AGGT,TACT,2
GCAA,GCGC,2
TGAA,TTCC,2
CCGA,TATG,2
GTAG,TTGC,2
GTCC,GTGC,2
ATAG,TAAT,2
ATTC,GCTG,2
CTGA,GGAG,2
GCCC,GTGG,2
CTGG,GCTG,2
CCTA,GTGG,2
CACT,GGCG,2
GTTC,TGAC,2
CACA,TTTG,2
CAGA,GCCG,2
GCCC,GCGT,2
CTTC,TACG,2
CCTT,CTAG,2
CAGT,GCAG,2
CCGG,CGCG,2
TGCA,TGTT,2
ACTC,CTGT,2
CTCT,TCAG,2
CCGT,GCCG,2
CCGA,CTCG,2
CAAG,TATG,2
GAGC,GGCC,2
CTGG,GCGG,2
CAGC,GTTA,2
AACG,TGGT,2
ATGT,TGCT,2
CTGT,TGCG,2
GAAC,GGGC,2
GGCA,TGAT,2
GACG,TGTG,2
ATCA,TCAT,2
CCCA,GCGG,2
AGGA,TCCC,2
AGGG,CACC,2
TCCG,TCCT,2
CGCT,TGAG,2
CTTC,GTGG,2
GTGA,TTCC,2
GAGG,TCTA,2
TCAG,TTGT,2
GTAC,GTGT,2
CTTC,GGGG,2
CCAC,GGTG,2
TCGG,TCGT,2
CTCC,GGGA,2
CGGC,GTGG,2
CGGC,GGGG,2
ATCG,CCTT,2
CAAA,TTTA,2
CATA,TATT,2
CTCT,TGTG,2
GATC,TAGC,2
ATAG,CCAT,2
GGGT,TGCC,2
CCTA,CGGG,2
ACCT,GAGT,2
ACGG,TCGC,2
GCAG,TTGG,2
CTTG,TTTG,2
CTGA,GCTG,2
AGAT,ATTC,2
ACGC,GCAG,2
AAGG,CATA,2
GGAT,TTTC,2
ATCG,TAAT,2
ATAT,GTGT,2
GATA,GCCC,2
CCGC,GCAC,2
GTGA,TTTC,2
GACT,GGTG,2
CTGT,GAAG,2
CGAT,GTCT,2
CATG,CTCG,2
GTCA,TGAA,2
AATG,CCGT,2
TAGA,TCCG,2
CTGG,CTTG,2
CCGC,GGTG,2
AGCT,TGTT,2
CGAT,GGCG,2
TCAA,TTGC,2
GAAG,TGCC,2
ATGG,CCCA,2
CACT,GGGG,2
AATT,CAAT,2
AGGT,GCCG,2
AGAA,TTCC,2
GTTA,TAAG,2
AATG,TTTT,2
CAGG,TTTG,2
AAAT,ATGT,2
GGCA,GGCT,2
ACAG,TTGC,2
CTAC,GAGG,2
GTTG,TCAC,2
GTAG,TCAC,2
GAGG,TCGC,2
AGTC,GCTT,2
CGTT,TATG,2
TGCT,TGGA,2
GGCA,TCCC,2
ACCG,TGAT,2
AATA,TACT,2
TCTA,TTGG,2
CGGA,TCGA,2
GACT,TGAC,2
ACCG,CCGT,2
GAAT,GTTG,2
GGGA,TCTT,2
TAGA,TCCA,2
AAGA,TCTG,2
ATAT,ATCT,2
AGAG,CGAT,2
AGGT,GCCC,2
GGAT,TCCC,2
ACGT,AGGC,2
ATGA,GTAT,2
GCCG,TTGC,2
CGCA,TGTT,2
ATTA,TACT,2
TCCA,TCGA,2
AACC,GGAC,2
GTTC,TTAC,2
AAGT,ACAT,2
CGTA,GCCG,2
CGAG,CTTC,2
CGAT,GTCC,2
AAAT,GGTT,2
CTGC,GGGG,2
ACAT,GTGA,2
GGAA,TTTT,2
GTCC,TGAT,2
TAAG,TTAG,2
CATC,GTCG,2
GAAG,TCTC,2
ATTG,GATC,2
ACGG,CCCC,2
GGCG,TGCG,2
CCCT,GGGA,2
CCGT,GGGG,2
TACA,TGGA,2
ACGT,GCGG,2
GGGC,TTCC,2
GAGG,TTTC,2
CTAG,TGAG,2
CAAT,CATT,2
CGAT,TTTG,2
AGTT,TAGT,2
GACC,TGTT,2
TCAG,TCGG,2
CCAC,TCGG,2
AGAC,GGCC,2
GAGT,GCAC,2
AGAT,GTCG,2
CGGA,GTCG,2
CATC,GGCG,2
CCTG,CGTG,2
ATGC,CCAT,2
GCTG,GGCC,2
CGCG,CGTA,2
CTCA,GGTG,2
ATGT,GCAC,2
AGTA,TAAT,2
CAGG,CTCG,2
TGAC,TGAT,2
ACGT,GCCT,2
CGTT,GCCG,2
GGAG,TGAC,2
ACCT,GTGT,2
ACTG,GTGT,2
ATAG,TTGT,2
ACAA,TTTT,2
ACGA,TAGT,2
GCTA,TCGT,2
GCCT,GGCC,2
CATC,GTAG,2
ATGC,GGCT,2
AGAA,TCCT,2
ACTG,CTTA,2
CATA,TATC,2
GCGA,GTGC,2
CCCC,GGTT,2
TTAG,TTGA,2
ACGC,GTCT,2
CTGA,TATG,2
CCAT,GGGG,2
AAGC,TCTT,2
CCGC,GACG,2
CTTA,TTTG,2
AATA,TCTT,2
GCGG,TCAC,2
AGCC,GGGG,2
GTAC,GTTT,2
ACAT,CTGT,2
CGTT,TTCG,2
GAAT,GCTC,2
CGCC,GGTA,2
ACTC,AGGT,2
CTCT,TTTG,2
ACGC,GATG,2
ACGG,CTAT,2
GATT,GTTC,2
GGAT,TTCT,2
GACG,TTTC,2
ATTT,GGAT,2
TACG,TGCA,2
CTAT,GCAG,2
ATAC,GGTA,2
ATAG,CTGG,2
CTGC,GCGA,2
ACCC,GGCT,2
TCAG,TCGA,2
CGCC,GGTT,2
GTAA,TTAA,2
AAGT,ACCT,2
CGCC,GTAG,2
ACGA,GTGT,2
GTCG,TGCC,2
CACA,GCCG,2
AAGA,TTTT,2
AATA,TATG,2
AGTG,CTTT,2
GTTT,TAGC,2
ATAT,GTAG,2
GGCG,TGGT,2
CATT,TCTG,2
ACTA,CAGG,2
GTGA,TTGC,2
AGGT,GTCT,2
GCAT,TCGC,2
AGTT,TGCT,2
TCCA,TGAA,2
AAAT,CTTT,2
AGTT,GGCT,2
CAGA,TCTA,2
CTAG,CTTA,2
GACC,GGGA,2
AGGT,TTCT,2
GCTA,TAGG,2
CCGA,CGCG,2
CGAG,CTAT,1
CCTC,CTAG,1
CTGT,GTGG,1
ATCT,ATTA,1
GTAT,TAAC,1
ATTG,CCTT,1
ATGA,TGCT,1
GGCT,TTGC,1
ATCG,CGTG,1
GGAA,TTGT,1
ACTT,TAGC,1
CAGG,TTGG,1
ACTC,GTAT,1
GTAA,GTAC,1
CAAC,GAAG,1
CATG,TCAT,1
GCCT,GCCT,1
CGTG,CTCT,1
AACC,GGCG,1
GCGC,TCGA,1
CTCC,GTGG,1
CTAC,GTTC,1
ACAG,CGTA,1
CAAC,GGCG,1
ATTC,GACC,1
CGAA,TTCA,1
ATGG,CACG,1
GTAG,GTAG,1
GAAC,GAGC,1
GACC,TATC,1
AGAG,CTTC,1
CGAT,TCGA,1
CCCA,TGCG,1
GGCC,TCAC,1
CACC,GACG,1
AGCG,CACC,1
CTCA,GCAG,1
CGTT,TCAG,1
CACG,TGCG,1
CATG,GCTG,1
CATA,TCAG,1
CTTC,TTAG,1
ACGT,TCGG,1
TTAG,TTAG,1
TCAT,TCGA,1
GGGC,GTCT,1
ATGA,TAAT,1
CGCC,GTGG,1
GAAA,TATA,1
GACG,GCTC,1
AGGG,CGCA,1
GCGC,GTGA,1
ATAA,TATT,1
CGGT,TTCC,1
TCGA,TCTA,1
GTGG,TCTT,1
GTCG,TAAC,1
GCCT,TAGC,1
GAGC,GCCA,1
TCAC,TTTG,1
AGAT,GCTT,1
GGGT,TTCT,1
AAGC,GCGG,1
TAGA,TGGT,1
AGCG,AGGT,1
CGCC,TACG,1
GTCC,GTTA,1
AACA,TATT,1
CCAG,TGAG,1
AAAG,CTAA,1
GAAG,TTGA,1
GGGA,GTCC,1
TACG,TACG,1
TAGG,TCCT,1
ATCG,GTAT,1
CTGA,TCGT,1
AGGC,GGTT,1
AGTG,GCCT,1
ATTC,GCTT,1
ACCA,TGAG,1
ATTG,GGAT,1
GCGA,TTTC,1
GGCG,TAAT,1
GTGG,TCAG,1
ACCG,ATGT,1
ATTT,GACT,1
AATC,TGTT,1
GACA,GGCC,1
TGCA,TGGT,1
GGCA,TGGT,1
AGAC,GGGT,1
CATC,TACG,1
CGTG,TAGG,1
CTCG,GTGG,1
ACTG,AGTG,1
TGTT,TTTA,1
GACG,GGGC,1
CCAC,CTCG,1
CACT,CGGT,1
ACAC,GTAG,1
GGAT,TGAT,1
CTAG,GCAG,1
CAAA,GCAG,1
TAAA,TATA,1
CTTC,GTCG,1
CGTT,TCGT,1
CGCC,GATG,1
CGGT,TCAG,1
GTCA,TGGT,1
GAAC,GGTA,1
ATAA,GCAT,1
GGCG,TGAT,1
GAAT,GTCC,1
CAAC,CTTG,1
ATAC,GGAA,1
AGCG,CATC,1
CCAC,GGGT,1
CGCC,GTCA,1
GCGT,TCTG,1
AAGA,AATT,1
AATG,TTTC,1
GTTG,TCAT,1
CTTA,TGTG,1
CTGT,TCCG,1
ATCG,CATT,1
AATA,TAGT,1
ACAG,CTAG,1
GCTC,GTTG,1
ACGC,GATT,1
GAAT,GTAT,1
TATT,TTTT,1
GCAT,GTGG,1
AAGC,GTAA,1
ATGG,CTTT,1
AGAG,TTCG,1
ATCC,GATT,1
GAAT,TCTC,1
AATG,CGTA,1
GCCT,TCGC,1
ATGC,GACA,1
TATC,TTAA,1
TAAA,TTAA,1
GGCT,GTAC,1
ATAG,CAGC,1
AATA,CAAT,1
GCCG,GGAC,1
GGCT,GTTC,1
ACTT,TCGT,1
ATAA,TTTA,1
ATAG,TCAT,1
ATTG,TCAT,1
ATGA,GAAT,1
CGTA,GTAG,1
ACGC,GGGC,1
ACAT,ATCT,1
AATG,CCTA,1
GGCT,TACC,1
TCAT,TGGA,1
CCTG,CCTG,1
GGCT,TCCC,1
CACG,CGAT,1
AAGC,GAGG,1
ACGA,GAGT,1
CAGC,GCGT,1
GACG,GAGC,1
GCGC,GGAC,1
GTGG,TTCC,1
CCGC,GATA,1
CTGC,GTGG,1
ATCT,TTTT,1
CGAC,TGCG,1
CAAG,CATT,1
CAAA,CATG,1
TACA,TGAT,1
ATCT,TACT,1
CGAA,TCTG,1
CATC,CGCG,1
GAGC,GTTA,1
TGTG,TTTC,1
GCTC,TCGC,1
AGAA,TTGC,1
GTTT,TGCC,1
AGCC,GTGT,1
GGCT,GTGC,1
ATCG,TGTT,1
GTCT,TAAC,1
ATCC,GATA,1
GCCC,TAGC,1
GCCC,TTTT,1
CCTC,GGCG,1
CGCC,GAAG,1
GTAA,TAGG,1
CGCT,GGCT,1
ATAA,TTTG,1
CCAT,GCGG,1
TAGT,TCTT,1
CGCT,CTGT,1
CAGG,CGGG,1
CGCG,TGGT,1
TCCA,TGTT,1
ATCT,TTGA,1
CTGG,GTAG,1
CCGG,CTGT,1
CTAA,CTTA,1
CTAC,GTCA,1
CCCT,TGCG,1
AATG,CTTC,1
CGTC,TAAG,1
ACAC,AGAT,1
GGAC,TACC,1
CAGA,TCTC,1
ACCG,CGAC,1
GATA,TTCC,1
ATAG,TACT,1
AGAC,TGCT,1
GTAT,TGCC,1
GCAC,GTTG,1
GCGA,GGGC,1
GTTC,TGCC,1
CATC,TTCG,1
GGAT,TTAC,1
TACA,TACA,1
CCTA,TAGT,1
AGAC,GTAA,1
ATAA,TGGT,1
ATCG,TGAA,1
AAGC,ACAT,1
CTCC,GATG,1
AATA,TAAG,1
GTGT,TAGC,1
CTGG,TTCG,1
CACG,TGAG,1
AAGG,CGTA,1
CAAG,CGAG,1
ATCA,GGGT,1
GCTG,GCTG,1
CACA,TTGG,1
AGAA,GACT,1
GGTG,TGCT,1
GACG,GGCC,1
GCAG,TTGA,1
ATTC,GGCT,1
ACTA,GGGT,1
ATGT,GCTG,1
AGCT,AGTA,1
CATC,GCAG,1
CCGG,TCTG,1
ACCT,CGGC,1
CTCA,GGCG,1
GGTC,GTCA,1
AACC,GTCG,1
GGAA,TTAT,1
CAAG,CCTG,1
CGGT,GCAG,1
CTAT,CTTA,1
GAAG,TACC,1
CAAA,TCCG,1
GCTT,TCTG,1
AACG,CTTC,1
CTAA,CTAG,1
CGCA,TAGG,1
AGAG,CGTT,1
CGTG,CTCA,1
CAGA,TTCG,1
AGCC,GGGC,1
GAGG,TCAC,1
CCAG,TTAG,1
AATT,TTTT,1
ATTG,CACG,1
CGTA,GCAG,1
CCCC,GGCG,1
GCGA,GCGG,1
CGTG,GCAG,1
AAAT,CTCT,1
ACGG,CTGA,1
AGAA,TTAC,1
ACTG,CACT,1
GGCA,TTCA,1
AATG,CAAA,1
GTCT,GTGC,1
GTAG,TCTG,1
CAAG,CCAG,1
ATCT,GTGT,1
AACC,GGGC,1
GATT,TTAC,1
CATA,TGAG,1
AATT,ACTT,1
CCTG,GTAG,1
ACCT,TGGC,1
GAGG,GCCC,1
ACTC,GGGG,1
GCCT,TGTC,1
ATCA,TGGA,1
AACT,TGGT,1
CGTA,TTTG,1
ACTG,CTGA,1
CAAT,GTGG,1
AAGG,CCGG,1
ACGG,TCCC,1
ACTG,CTGG,1
AACG,CGGA,1
ATCT,TGCT,1
ATCG,CCGA,1
ATCG,GCAT,1
GACG,TGCC,1
AGCG,CAAC,1
CTTT,GCGG,1
GTAT,TCCT,1
ATCA,GAAT,1
CAAA,GCTG,1
GTGC,TACT,1
CGTA,TCAG,1
ATCT,GGAC,1
ACGT,GAGT,1
GCGC,GTAC,1
ACTG,CGAT,1
CTGC,GGTG,1
CAGT,GCCG,1
ACTG,TTGC,1
GGGG,GTCC,1
CCTG,GCTG,1
ACGA,CTGT,1
ATAG,CGGT,1
AGCC,GTCA,1
CCAG,GGGG,1
AACG,GTTC,1
TCGT,TCTT,1
AACG,CTAT,1
GTAG,TTCC,1
GACC,GGCA,1
GATC,GTCG,1
GGTA,TATA,1
GGAT,TATC,1
GGAC,TTTC,1
AATT,TGTT,1
AGCT,ATAT,1
CGAA,CTTC,1
AGCG,CGTC,1
ACAG,CTTC,1
GGGT,GTAC,1
CGAC,GTTA,1
AAAT,ATGG,1
AGCT,GGAT,1
TAGA,TTTA,1
ATGC,GGAC,1
CAAC,GGAG,1
GGCC,GTCT,1
ACGC,ATGT,1
GGGT,GTGC,1
ATTA,CGAT,1
GTCC,TTAC,1
AGCT,TGCG,1
CGTA,GAAG,1
TGTT,TTCA,1
CATA,TCGG,1
CGTC,GATC,1
ATCC,GATC,1
ATGT,TGAT,1
CCTT,TCGG,1
GTTT,TCCC,1
ATCT,TGAG,1
GGAC,GGAC,1
CTGG,GAAG,1
AGCC,CGGG,1
GCTG,TAGG,1
CGGA,TTTG,1
ATTG,CTAA,1
TATC,TATT,1
ACGC,GGTA,1
AATA,ATTT,1
AGAG,TTTC,1
GCAT,TAGC,1
GCAC,TAGC,1
CCTG,GTGG,1
GGCT,GTCT,1
GATG,TAGC,1
CGGG,TCCT,1
CATC,CGAG,1
CGTC,TAGG,1
CGGC,TGCG,1
ATTC,GATA,1
AGGA,ATCT,1
GTAG,TAAC,1
GCGG,TCTT,1
ATGA,CCTT,1
ACGG,TCCT,1
ACTC,GCGG,1
CTTG,TACG,1
GCCT,GTAC,1
CATG,TACG,1
CCAA,TTGT,1
CCAA,CGGG,1
ATTG,TAGT,1
TAGA,TGTT,1
GTAT,TATC,1
AGCT,CATG,1
ATCG,CTAC,1
ACTT,ATAT,1
ATAG,CTTC,1
CGGG,TCTC,1
AAGA,TACT,1
CTTA,TAAA,1
ACTC,GACT,1
AGCT,CGTT,1
AGCC,GAAT,1
AGGA,TTCA,1
AAAA,TTGT,1
CAGC,GACG,1
AGCA,TGGG,1
CGAC,CGGG,1
GCGG,GTGT,1
CACG,CGCT,1
ACGG,TCGG,1
ACGG,CCAA,1
GCGA,TACC,1
GCCG,TGGA,1
CGCT,CGTG,1
CCTC,GTAG,1
GAGC,GCAG,1
CAAC,GGTC,1
CGTC,TTCG,1
CACT,TGTA,1
TGAA,TTGG,1
GGTG,TACA,1
ACCA,TGTG,1
GACC,GGAA,1
GAAG,GGAC,1
TCCG,TGTA,1
AATG,CTGC,1
GGTC,GTCT,1
CAGC,CGCT,1
GATC,GTGA,1
CGAA,CTCG,1
GCGC,GGAT,1
ATAG,GGAT,1
ATTG,CATG,1
ATTC,GTGT,1
CACC,GAAG,1
ACGC,GTAC,1
GGAT,GGCC,1
CTGC,GCTT,1
CATG,TATC,1
ATTC,GACA,1
GACA,TGCT,1
ATGA,TTAC,1
AGCT,AGTG,1
TCGA,TCGC,1
CTGA,TTCG,1
CTCT,GTAG,1
GTAC,TAAC,1
CCGG,CGGA,1
ATGT,GCAG,1
TGAG,TGAT,1
CATG,TAAG,1
AGCG,CGTA,1
ATCC,GACT,1
ACGG,CATG,1
GCGA,TTGA,1
ACAT,GAGT,1
GGAC,GTAG,1
GAAT,GTGA,1
CCAA,TTAG,1
CAGC,GGGG,1
TACA,TGGT,1
ATAA,TTAG,1
CACC,TGGG,1
GACT,GCTC,1
CCTG,CGAG,1
AGTC,GATC,1
CTTC,GCCG,1
AGGG,GTCT,1
AGAT,AGGT,1
GACA,TATC,1
GCAA,TGCA,1
GTCA,TTAG,1
GCAC,GTTT,1
CCGG,CCTC,1
AGGT,GTCC,1
AGGA,TCCA,1
AGTA,CGCT,1
GCGT,TGGC,1
ATCC,GCTT,1
ACGC,GTCG,1
TCGA,TTCG,1
AGAC,GCTT,1
CAGT,TGTG,1
CATA,CGTG,1
GAAG,TTCC,1
CGGG,CTGG,1
ATGA,TTGT,1
AATC,GGGT,1
GCGC,GTTT,1
CGTG,CTAG,1
ATGG,CACT,1
TGAC,TGCA,1
CCTT,GAGT,1
CGCC,TGGG,1
TCCG,TTGG,1
AATT,TCTT,1
ATCT,GCTT,1
CTCA,GAAG,1
CAGC,CCTG,1
GTTA,TGAT,1
GGCG,GTCC,1
AAAA,TGGC,1
AAGG,CACG,1
TATT,TATT,1
CCTA,TAGA,1
CTAC,GTAC,1
ATGT,TACT,1
GGTA,TGGC,1
ATAC,GCTT,1
GAGC,GTGT,1
GGTA,TACG,1
ATAG,CTAA,1
GCCC,GGCA,1
AACG,TGTA,1
GCTT,TGGG,1
GGAG,TTAC,1
CCAG,GAGG,1
AAGG,TCCT,1
CGCG,TGCT,1
GCTA,TACC,1
AGTG,CATG,1
CGGC,GCTT,1
CAAT,CGTG,1
AGCC,GTTC,1
CGGC,GGCA,1
CAAA,TCGG,1
CACT,GTGG,1
AACT,AGCA,1
ACGC,GCCG,1
CGAG,CTAC,1
GGCC,TCCC,1
GGTC,GTGC,1
CCGA,TCGC,1
CAAC,GCGG,1
TGAA,TTGA,1
CCGA,GAAG,1
ACCG,GTGT,1
CCGA,CTGG,1
ACAT,ATCC,1
TGCT,TGCT,1
TACT,TTGG,1
CGCT,GTAG,1
GATG,TACC,1
CTAT,TCTG,1
AAGT,GCAT,1
GATA,TACT,1
ATGT,TAAT,1
TAAA,TTAT,1
GGTG,TAGT,1
TCGT,TCGT,1
GATA,TTGC,1
CGAC,GAAG,1
TACT,TGAA,1
GGTT,TCCC,1
GTGT,TGAC,1
CTAC,GTTT,1
CACT,TCTG,1
ACGA,CCTT,1
ATAT,TATT,1
CTAC,GCCG,1
CGGA,CTCC,1
ACGC,GTTT,1
CATT,GATA,1
AATT,GTTT,1
TCAA,TTAA,1
GCGA,TCAG,1
ATAC,GATT,1
AAAC,GTAG,1
AACG,TGAT,1
AGCG,CGTG,1
CGAC,GATG,1
ATCT,ATCT,1
GTAT,TAAT,1
GTAC,GTGG,1
CACT,GGTT,1
CCCA,TTGG,1
AGCA,TGAG,1
GCCG,TCGC,1
CGTT,GATG,1
AAAG,CTGA,1
ATAG,CGCT,1
GTAT,TTGA,1
AGAT,GCCT,1
AACG,CGCA,1
ACGG,TCAA,1
CGTC,GCGG,1
ACGG,CTTA,1
CTTT,TGCG,1
CCAG,CTTA,1
GTAC,GTTA,1
CAAT,GCTG,1
AGAC,GTGA,1
ACCG,TGTA,1
GAGT,TCTA,1
AGTC,GAAC,1
AAAC,GTAA,1
TGGC,TTCT,1
GATG,TTAC,1
CGGC,GGCT,1
GGGA,TCTG,1
AGGA,GACT,1
CCAG,CGCG,1
GGAC,GTGG,1
TCCT,TCCT,1
CTAT,TTGG,1
ATGC,GGGT,1
ACAT,GTTG,1
ACGC,GTGC,1
GCAA,TTCA,1
CTCA,TGAC,1
GACC,GTGC,1
AATC,GCGT,1
GCAC,GTAT,1
ACGG,TTGT,1
GCCA,TGTT,1
AATG,CAGG,1
AGAA,GGCT,1
GGTA,TTCA,1
ACGT,GCAA,1
CCTG,CGGA,1
CCAT,GTTG,1
TGCA,TTCT,1
AGCC,GGAA,1
CTCA,TCGG,1
ACCT,TGGG,1
AGCT,GACT,1
ATAG,TGAT,1
AATT,TTAT,1
CAGG,GCGG,1
AACG,CTTA,1
ATGA,TCGA,1
CTAT,GCTG,1
GAAA,GCTC,1
CCTC,CGCG,1
ACCA,TGTA,1
GCTT,TATG,1
GAGC,GTCC,1
CGTA,TTAG,1
GACG,TTGC,1
CGTG,GCGG,1
CTGA,TACG,1
ATAG,CATT,1
ATTC,GATG,1
CATG,TTCG,1
GGTA,TGAC,1
ATGA,TCTG,1
CTAT,GTAT,1
CGCA,TCCG,1
ATTA,TTTT,1
ATCC,GTTT,1
CCTC,TTGG,1
TAAC,TTTA,1
ATTC,GGGT,1
CATC,CGAT,1
ACGA,CCGC,1
GAGC,GAGC,1
CCTC,CGTG,1
CGGA,TGCA,1
CGTT,TAAG,1
CTTA,TATC,1
CCAT,GTAG,1
ATAG,CGTT,1
CGCG,TACG,1
GCGA,TGGT,1
AACG,CCTA,1
AGTT,GACC,1
CGAC,GGTG,1
AGTC,GGCA,1
ACAG,CATG,1
GTGA,TCGT,1
AGGT,TCGT,1
AATG,CACA,1
AAAA,CTTT,1
ACCC,GTTG,1
AGCG,TCCT,1
ACGC,GCAA,1
CACC,GGCT,1
TGAC,TGAC,1
GACT,GTGC,1
GATA,TAGA,1
ATGG,CTGT,1
AATG,CTTA,1
CGCC,GACA,1
CCAG,TCCG,1
CGAA,TAAG,1
CCTT,GTAG,1
TAAA,TTAC,1
GGGT,TATT,1
ACTT,CGGT,1
GAGA,TTCC,1
CACT,CTGT,1
GAAA,GTCC,1
AGCA,TGTG,1
CCTA,TAAG,1
ACAA,ACGT,1
CAAG,GGTG,1
AAAA,TCGT,1
CGCT,GCCG,1
CTAA,CTTT,1
CTAG,TTGG,1
TAGA,TCCT,1
GCGG,TAGC,1
AATC,ACGT,1
GTAC,GTCA,1
CACA,GTGG,1
ATCG,CGGA,1
AAGC,GCCG,1
CTAA,TTAT,1
GAGA,TCCC,1
GTCA,TTTG,1
TGAG,TTCC,1
CGAA,CTAC,1
CACG,TGTT,1
AAGC,GTAC,1
AGCG,CCCT,1
CTAC,GTCC,1
ATTC,GTGG,1
AGTT,TACG,1
TGAC,TGCT,1
GACA,GGTT,1
CGTT,GACA,1
GTTT,TGAT,1
CAGT,GCTC,1
CGCT,GAAG,1
AGGC,GACC,1
CGGC,GGAG,1
ACGC,GCCC,1
AGTT,TAAT,1
CATA,TCTG,1
ATGA,TTCT,1
CTGG,TCCG,1
CACA,CTCG,1
GTCA,TGCG,1
CGGG,TTCC,1
GGTG,TAAT,1
CGCT,GTTG,1
ACAA,TTTA,1
AAAG,GTTT,1
CACT,TGAG,1
CGGA,GATG,1
CTTA,GAAT,1
TATA,TTAG,1
CTAA,TGCG,1
GCGT,TTGT,1
GACC,GTTA,1
CCGG,CTCG,1
CGCG,TAAG,1
CTCC,CTTC,1
CGAG,TCTC,1
CGAT,CGAT,1
CGCC,CGGC,1
GATC,GTAA,1
AGAT,GTAT,1
GCAG,TGCG,1
CGGG,CTCT,1
TACT,TGGA,1
ATGG,CCGA,1
AGCG,CGAC,1
ATCC,GTGT,1
GGAA,TCCT,1
GACC,GATA,1
CTGC,TCTG,1
ACAT,ATAT,1
ACAG,GGTG,1
AGTG,CCTT,1
GTAA,TGCC,1
CCAG,GTGA,1
AACC,GAAT,1
ACCG,GTGG,1
CTTA,GATG,1
GAGA,TCGT,1
GAGC,GTTT,1
AACT,GCTT,1
CCAG,TGCG,1
CGGC,GCTC,1
CCAG,CTGC,1
GGAG,TTCA,1
ACGT,ACTA,1
GGTT,TAAC,1
CGCA,GGCA,1
ACGT,AGTG,1
TGGT,TTCC,1
CCCT,TCGG,1
AGTG,CTTC,1
GCGT,GCTC,1
AACG,TCTT,1
CACA,TACG,1
ATTT,TGAT,1
AGAT,TTTC,1
CAGA,GATG,1
GTAA,TCAT,1
GTTG,TACC,1
GGAG,GTCT,1
AGCT,TCCT,1
ATCG,CTGG,1
AGCG,CACG,1
GAGA,TCGA,1
GTTA,TGGC,1
CAAC,GCTT,1
CGGC,GTTG,1
AATG,CCAG,1
TATA,TTGA,1
ATGG,CATT,1
TAGC,TCTA,1
AGCA,GGCC,1
GCGC,GTCC,1
AAGA,ACTT,1
ACGG,ATGT,1
CGGT,GTCG,1
ACAG,GCGT,1
CCAC,GGGA,1
AGGC,GGAT,1
AGAT,GTTG,1
ATGC,GTTT,1
ACTC,ATGT,1
CAGA,GACG,1
AGAT,TTTT,1
ACGC,GCCT,1
GCCT,GCGC,1
AGGG,CGCC,1
GTAG,TCTC,1
CCCC,GTAG,1
GGGG,GGGG,1
GCAG,TCTC,1
GGCA,TGTA,1
CACG,CTCG,1
AATC,CATT,1
CCCG,CGCG,1
ACCA,GGGC,1
TGTT,TTCG,1
CGAT,GGAG,1
AGGG,CTAT,1
GCAC,GTCG,1
GCTG,TTGT,1
AAGG,TTTT,1
GAAC,GTCG,1
GACC,GTAC,1
CCAA,TATG,1
CTAG,TCGA,1
AGGG,CGGT,1
GATC,GTCC,1
CTCG,TCAG,1
TCCT,TCGA,1
AAAG,CTGC,1
TCGA,TGGG,1
AAAG,TTTC,1
TCGA,TCTT,1
GAAT,GCTT,1
GTTA,TAAA,1
GATC,GCAC,1
ACGG,TCTG,1
ATTG,CATC,1
CCCG,CGTA,1
CTGT,GCAC,1
GATT,GGCC,1
GTGA,TATC,1
AGGT,GCTT,1
ACAT,TCGT,1
AGAG,CTGC,1
ATGC,TGAT,1
ATTC,GTTA,1
ATGA,TGGT,1
AGTA,TATC,1
GCGA,TCTA,1
CCAC,CGTG,1
GTCG,TTAC,1
CGTC,GCAG,1
CAAG,GATG,1
AGCT,ATTC,1
ATCA,TGTG,1
CGGA,GTTG,1
ACTG,GGGT,1
GGGA,TTAC,1
GAAT,GTTA,1
CGGT,TCGG,1
AGTG,CGCC,1
AAGT,GGTT,1
GTCA,TCAC,1
AGCT,CACG,1
ACAT,CAGT,1
GCAC,TTGA,1
GTAT,GTTC,1
ACCC,CGGG,1
GCTG,TATC,1
ATGG,TCCG,1
GCGT,TGGT,1
AGAT,CTGT,1
AAAC,CGTT,1
GCTA,TACA,1
ACTC,GGAT,1
GCTC,TAGT,1
TATA,TTAT,1
CCGT,GAGG,1
CAGC,GGAG,1
GACA,GTTC,1
AGTT,TATT,1
CGCT,GGAG,1
GGAA,TGCA,1
CGTG,TGTG,1
CTGT,TTAG,1
AATA,GCCT,1
TGAT,TTTC,1
CTTG,TGGG,1
ATAT,ATTA,1
ATCG,CTCT,1
CAAG,TTCG,1
ACGC,GTCC,1
CTAC,TGAG,1
ACCC,GTAT,1
CACT,TTTG,1
CAGC,TTTG,1
ACCG,CTGG,1
ACAT,GTTT,1
TCAA,TGGA,1
ATGG,CACC,1
GGTG,TTCT,1
CATG,CTGA,1
ATCT,GTAT,1
TACG,TTTA,1
AACT,TGCT,1
AGCA,GGGT,1
AGCG,CGAA,1
AACC,GATG,1
CTGA,GCGG,1
AATG,TAAT,1
AGAG,TGAT,1
GCGG,TGCA,1
TATG,TCTT,1
CAAT,GTCG,1
CTCC,GGAC,1
GTGA,TTAG,1
ACTG,CGGG,1
CAGG,CTCT,1
CCTA,CGCG,1
CACT,GATG,1
GAGA,GATT,1
GCAA,TGTC,1
CCAT,TTGA,1
GGCA,GGTC,1
GGGA,TCAT,1
TAGA,TATG,1
CGGT,TCCT,1
CCAG,CCTG,1
CCGC,CTGG,1
CCAG,TTTG,1
GATA,TGCC,1
AAAA,TTTA,1
AATT,GCTT,1
AAGT,TCCT,1
GACA,TGGA,1
ACTT,TAAC,1
GCCG,GGCG,1
CGTA,TATA,1
CAAC,GGGG,1
CGCG,TCCG,1
CGTC,CTAG,1
GAGG,TCTG,1
CGTC,GATT,1
CTAC,GTGT,1
AATG,CGTC,1
GGGT,TCTC,1
GAAC,GCCC,1
ACCG,TGTT,1
ACCC,GGTC,1
CCTC,GCAT,1
GGTA,TCAC,1
GCCC,GGAT,1
CTAA,GCTG,1
GTAG,GTCC,1
CGAC,GTTT,1
ATAT,ATTG,1
AACG,GGTA,1
ATGC,GAAA,1
AATG,CAGA,1
ATAG,CTGC,1
ATGA,GATT,1
ATAT,GCAT,1
CATT,TTCG,1
CGCA,CTAC,1
GGTG,TCTG,1
GAGT,TGTC,1
ATTG,CCGC,1
CTCT,GAAG,1
TGAT,TTCT,1
ATGT,GAAT,1
GAGC,GATT,1
AGCC,TGTT,1
AAGG,CACC,1
GGTG,GTCC,1
AGTC,GTAT,1
TACT,TGTT,1
GGCG,TGGA,1
GGAC,GTGA,1
CGGT,GCCT,1
GCAC,GCGT,1
GCTC,GGTT,1
AATA,TATA,1
ACGC,CCGT,1
CGTC,GTTG,1
GACG,TATC,1
AGAA,GGGT,1
TGTC,TGTC,1
CGCG,GGCC,1
AATA,CAGT,1
CGTG,CGTG,1
CAAC,GTAC,1
GATT,GATT,1
TACA,TTTG,1
CCAG,TGGG,1
ATTC,GTTG,1
CACG,GCGG,1
TACT,TGCT,1
CATC,GTGG,1
AGAT,TCCT,1
AGTC,GATG,1
GGGA,TTCA,1
ACTA,TATT,1
AATG,TACT,1
TATA,TGTG,1
ACTT,GCGT,1
CCAT,TAGG,1
ATGT,CTAT,1
CGCA,GGGG,1
AATA,GTTG,1
AGGA,GTCT,1
CAGG,GTTG,1
ACGC,GGTT,1
GAAC,GTAA,1
CCAC,CTGG,1
ATTC,GGAG,1
CAAA,TTTC,1
CAAA,GTCG,1
TACG,TGTC,1
GTCG,TGCT,1
CAGT,GTTG,1
ATGC,TGCT,1
CCCA,TGGA,1
GAGC,GCGG,1
ATCC,GGGA,1
GCTG,TAGA,1
ATGG,GTAT,1
ACGC,GTGA,1
GATT,TCCC,1
AGCG,CATT,1
GTCT,TAGC,1
TGAA,TGCT,1
AAAA,TATT,1
GCAC,GTTA,1
TACT,TTTA,1
CCCG,CGGC,1
AGGG,TACC,1
GCCG,TAGC,1
ATTG,CGCT,1
AGCT,ATGT,1
CCTG,GGGG,1
ATGC,GAGT,1
GAGA,TGTT,1
CCGC,GATG,1
CTTC,TGAG,1
GGGA,TACA,1
CGCA,GGCC,1
ATGC,GCGA,1
AATC,GACA,1
CGTT,GCTG,1
GCAG,GTGT,1
CTTA,GCTG,1
CGTA,TCTG,1
ACGG,TAGT,1
AACC,GCTT,1
CTTC,GAAC,1
AGCG,TGTT,1
AGAC,GTGG,1
GAGA,TTTT,1
CTCG,GTAG,1
CTGT,TCTG,1
ATGC,GATG,1
GCTT,TCGC,1
AGTT,TCTC,1
GCTT,TGTC,1
GCTG,TTGA,1
AGAC,GCGT,1
GAGC,TCTT,1
CATT,CGTG,1
CTTG,GGAG,1
CGGC,GAGG,1
ATAC,GGGT,1
ATAT,TGAT,1
CTTA,GCCG,1
CTGC,CTGC,1
CAAG,TCTG,1
ACTA,CAGT,1
GGGT,TTAC,1
GCCA,TGCC,1
AAGC,GGTG,1
CGTT,TTGG,1
GAAT,GCGC,1
TAAG,TCTT,1
TCGA,TCTC,1
ATGA,GGAT,1
GACA,TTGC,1
AGCA,TGAC,1
TAGT,TCTC,1
CGGG,TCAG,1
GTCT,TATC,1
CCGC,TTGG,1
ATGC,GATC,1
GTTG,TGGC,1
ATAT,GGTT,1
GGAG,TTCT,1
AAAG,CGGT,1
CGCG,TGTG,1
TGCG,TGTA,1
CCTA,TGTG,1
GTCG,TGAA,1
TGAA,TTTC,1
AGGG,CGAT,1
GGAT,TAAC,1
CACG,GCTG,1
GCTA,TAAT,1
GTAT,GTCC,1
AAGC,GGTA,1
GGCT,GGTC,1
AAAT,TGGT,1
GTAC,TCAC,1
AAGA,TCCT,1
GAAT,GTGT,1
GCCC,GGAG,1
AACT,TGTC,1
AATG,CTAA,1
TATC,TATG,1
GAAC,GACT,1
ATTC,GTAC,1
ACAC,GAGC,1
CAGC,GTCG,1
ATAC,GCCT,1
ACTG,CGAC,1
ACCC,GGAA,1
GGCA,TTTC,1
AAGG,TCCG,1
CCAC,CGCG,1
ATAG,CGTA,1
ACGC,GTGG,1
CCCC,GGTA,1
ACCT,GGGA,1
CGCC,CGGG,1
GTCT,TGAG,1
CCGA,CTTG,1
AGTA,TTCG,1
AAGT,ACGG,1
TGAA,TGAT,1
CGTT,TCCG,1
CTTC,TATG,1
GATC,GTTG,1
GGGG,TCCA,1
GGTG,TCTA,1
GTTA,TTAT,1
CCGG,CGTG,1
GTTA,TACT,1
AAAC,GGCT,1
AAAT,GTTG,1
CGAC,GAAC,1
CGAC,GGAA,1
CTTC,TGCG,1
CTGC,GCCT,1
AGAG,TACT,1
AACG,TGTG,1
AAGG,CCGC,1
CACC,GAGG,1
AGGA,CGCT,1
ACGT,GTGT,1
AAGT,TGTT,1
CACG,CTGT,1
CATC,GCAA,1
GTGT,TCCT,1
CCAG,TACG,1
ATGG,TGAT,1
AGGC,GACG,1
GAAT,TATC,1
CCGC,GTGT,1
CCCT,GAGG,1
CATG,TCCG,1
AATG,TCTT,1
CGCC,GGGT,1
TCAA,TGGG,1
CGAG,TTCC,1
GTAA,TTAG,1
AGAG,CGAC,1
CGAC,GTAC,1
ACCA,TAGT,1
AAAA,TTGA,1
CGAG,TGAA,1
CTTG,GACG,1
AAGC,GGCT,1
AGTA,ATCT,1
CTAA,GCCG,1
CTGG,TAAG,1
GCAC,GGTC,1
CATT,GACG,1
GATT,TAGC,1
ATCA,TTAT,1
ACCA,TGCT,1
CGTC,GCTG,1
CGGT,GCCA,1
GGAA,TTTA,1
ACCG,TGGC,1
CGTA,GGCG,1
CGCT,GGCA,1
AGCG,CAAT,1
ACCG,CTTT,1
TAAG,TTTG,1
TATG,TATG,1
CGGC,GCGA,1
GACC,GTTT,1
ATCC,GGGC,1
CTGA,GTCG,1
CTGG,TCTG,1
CAGC,GCAT,1
CGGC,GACT,1
ATCT,GGTT,1
CCTG,TAGT,1
CATT,TAAG,1
GCTC,GTAG,1
CACT,TAAG,1
CGAT,TCCG,1
CGGT,GACG,1
ATTG,GTTT,1
ATCA,TAGC,1
TACT,TATA,1
ACTG,TAGG,1
AACC,GCGT,1
ACTC,GAAG,1
GGCC,GTCA,1
GCAC,GTCA,1
ATGT,TTAT,1
GAAT,TTTA,1
ATCG,TGCT,1
GTAA,GTCC,1
ATCA,TGTA,1
CCTG,TTTG,1
CAGC,GATA,1
ACAT,ACGT,1
GGAC,TGAC,1
ATAT,GAAT,1
CATG,CGGG,1
CAAG,TGAC,1
CGCT,TACG,1
TGCG,TGTG,1
GTGG,TGAC,1
TCGG,TTGG,1
CTCA,TAAG,1
ATGC,GCGC,1
AACG,TATT,1
GGGT,TTCC,1
AGAC,GATT,1
GAAA,TTCT,1
GTGT,TTAC,1
ACGC,GGAT,1
AAAC,GGAT,1
ATGC,GATT,1
GATC,GTTT,1
CTAA,GTCG,1
GCGT,TTGC,1
GCGG,TTAC,1
GGGA,TCTA,1
AGAG,ATAT,1
CTGC,GGCG,1
ACAG,TTAT,1
GACC,GTGG,1
CTGC,GCTC,1
CTTA,TAGC,1
TCCA,TGTG,1
GCTA,TTGT,1
GGAA,TCGC,1
AAGG,TGTT,1
CCTA,TTCG,1
GAAC,TTTT,1
CTCA,TCGA,1
GTAA,TTTT,1
AAGG,ATGA,1
ATGT,GAGT,1
AATC,GCTA,1
CAAG,CCGG,1
ACGG,CCAC,1
GCGC,GGGA,1
ACAG,TCGT,1
AGGG,CCGA,1
CTCA,GGGG,1
ACGG,CCTC,1
GGTT,TAGT,1
ATCT,GAAT,1
ATAG,CTCT,1
ATGT,GGCT,1
GACT,TTGC,1
ACCC,AGGA,1
GGTA,TATG,1
CCGG,GTGG,1
CCCG,TGGT,1
AACG,ACGT,1
GATG,TTGC,1
AGGG,CATT,1
CTTC,TCAG,1
CTAT,GTGG,1
GAGT,GATC,1
GGTG,TAAC,1
AGGC,ATCT,1
CCCT,GGGT,1
GAAC,GGAC,1
AATC,GTAT,1
GATA,TGAC,1
GTGA,TGAA,1
CGCG,TGCC,1
GCCA,TGTG,1
CCCT,TGTG,1
AACG,CTCT,1
CCTC,GCGA,1
CAAT,GTAG,1
CTCC,TTCG,1
CACC,GGCA,1
AAAC,GGTG,1
CATT,GAGG,1
GGCA,TATC,1
CCCT,GCGG,1
CTCG,GGGG,1
CATC,CGTG,1
AATG,CGCT,1
CACG,CCTG,1
CTGA,GTTG,1
ACGG,CACC,1
CAGC,GTAG,1
CGGC,TGAG,1
CATG,TTGG,1
CAAT,GTTT,1
CGTG,CTAC,1
AGTG,CGGT,1
GACG,TCGA,1
ACCT,TGGA,1
AACT,GGGT,1
ACGG,CCCA,1
ATAT,GATT,1
CGCG,CTGC,1
ATTG,CACA,1
ATCG,CGCC,1
GGTC,GTTT,1
AGGC,GTAT,1
GGTG,TCAC,1
CGAA,GCAG,1
ACCC,GGCC,1
ATGC,GTCT,1
AGTT,GATT,1
ACCG,GGGG,1
AAAC,GTGG,1
CAAT,TATG,1
TCGT,TCTA,1
GCCC,GTTC,1
AACG,CGGG,1
AGAA,GTGC,1
CGAC,GGGC,1
ACCC,GGAG,1
GTAG,TCTT,1
CCCT,GGAG,1
GAGC,TCTA,1
CGTG,TTGG,1
CGCC,GGTC,1
TCGC,TGGA,1
GGTA,TTTC,1
TATG,TCCG,1
ACAT,GTGC,1
ATAT,TAAT,1
ACAG,CATA,1
CACT,CAGT,1
AGGG,CAAT,1
ACTC,GCTG,1
ACCG,ACCG,1
GATG,TCTT,1
ATTG,CTGT,1
GACC,GCGC,1
ACAT,TAGT,1
GTGA,TCAG,1
ACGT,TTGC,1
GACT,TCCC,1
CGTC,GATA,1
AACT,GATT,1
CACG,CTAG,1
GAGC,GTTG,1
GACC,GGGT,1
AGTC,GAGC,1
CAGC,GAGG,1
ACTT,GATA,1
GCAT,GTAA,1
GATA,TGGC,1
CACG,TCTG,1
CCGG,GGGG,1
AATG,CGGT,1
GCGC,GTGG,1
CTCA,GCTG,1
CCCG,GAGG,1
ATTT,GATT,1
ACTC,TTGT,1
GCGA,GCTC,1
TGAG,TTGA,1
GCAT,TTAC,1
AGAC,GTAC,1
ACTG,TTGG,1
AAGT,TTTT,1
AGGC,CGCT,1
ATGT,ATGT,1
ACTT,ATCT,1
ATCT,GGCT,1
ATCA,ATGA,1
CAGC,TAGC,1
AAGT,GCTC,1
ACTA,TTGG,1
ATAT,GTTG,1
CAGG,CCGA,1
GGCT,TGAC,1
GTGG,TCAA,1
GCTG,TATT,1
AATG,ATTG,1
ATTA,TTGT,1
TAGA,TTAG,1
GCAG,TGGC,1
CTCA,TCAG,1
CACC,GGGT,1
GAAC,GATT,1
ATGT,GCCT,1
ACCG,TTGT,1
ATCC,GTTA,1
TGAA,TTAG,1
CCTG,TGTG,1
GCTC,GGAC,1
AGCC,GATT,1
CATC,CTTG,1
GAAA,TGCC,1
AGCT,GGCA,1
TACA,TATA,1
CCGG,TCGT,1
CTAT,GAAG,1
ACCC,GTGG,1
GTGG,TCCT,1
ATAC,TGTT,1
AGCG,CGGG,1
ATGA,CCGT,1
GAGT,GCTA,1
GGGT,TAGT,1
CCAT,GTGA,1
AGCG,TACT,1
GTAT,TACC,1
ACTC,GATA,1
CATG,CCGG,1
GATG,GCCC,1
AAAT,ATGA,1
ACTG,CACC,1
CGGT,TCTG,1
GGGA,TGCT,1
AAGC,GATA,1
ACAT,ATTT,1
TGCA,TGGC,1
CGAA,TCGA,1
GTAT,TAGC,1
ACTA,CTGT,1
ATAT,CATT,1
ATTG,GCAT,1
AACC,GTAT,1
ACTC,GCTA,1
ACGC,GACC,1
ATAC,GGCG,1
AATT,TAAT,1
GCGG,TTAA,1
CACA,GTTG,1
CATT,CTTG,1
ATGG,CTAA,1
CAGG,TCTA,1
CCCA,CGTG,1
ATTC,GGTT,1
GGCG,TACC,1
ATGG,CCGC,1
AACT,AGGC,1
AGCA,AGGT,1
CGTG,TAAG,1
CATT,TTAG,1
TGCC,TGCG,1
ATGC,GGTG,1
CTTG,TCTG,1
AGAG,CAAT,1
AGTC,GTTT,1
CATG,CTGT,1
GTAA,GTGC,1
GGTA,TCTT,1
CATG,CGCG,1
TATT,TTTA,1
CGAG,CTGC,1
ATAT,GTTA,1
ACAG,CCTG,1
CACA,TGTC,1
GATG,TTGA,1
GATG,TCTC,1
ATGA,GCGT,1
ACAC,GGTG,1
CCGC,GCTT,1
CAGA,CTCT,1
ATCG,CTGT,1
