Barcode,Count
GGTATG,493
TGGTTG,490
TGGGTG,485
TGTGGG,478
GGGTTG,472
TTGGGT,470
GTGGTT,469
TGGGTT,468
GTAGGT,465
GGTTAG,462
TTTGTG,462
TGTGTG,460
TGGTGG,459
ATGGTT,459
GGGGTT,459
TTGGTT,459
TTGGTG,455
TTGGGG,453
TGGTAG,452
TGGGTA,451
GTTGGT,450
GTTGTG,447
TGGGGT,445
TGGTGT,444
TAGGTT,443
GGTAGG,443
AGTGTG,442
TGTAGG,442
TGGGGG,441
GTGGGT,439
TGTATG,438
TAGGGT,437
ATGGGT,436
GGGTAT,436
GGTGTG,434
TTGTGG,433
TATGGG,433
TGTGGT,432
TTAGTG,431
TAGGGG,429
GGTTAT,429
GTGGTG,428
TAGGTG,428
GTGTGG,428
GGGATG,428
TATTGG,427
GGGTTA,426
GTTGGG,425
TTGTAG,425
GGGGTG,424
GGGTGT,424
TGTTGG,423
TTTGGT,423
AGGGTT,423
TTGGTA,422
GGTTTG,420
GGTTGT,419
TGGTTT,418
GGGCTT,418
AGTATG,415
TTATGG,415
TGTATT,415
TTTGTT,415
GTTATG,414
TTTGGG,414
GTGGTA,414
GGGTTT,414
GGTATT,413
GGTTGG,413
TGGTAT,413
GTATGG,412
ATGGGG,412
GTTAGT,412
GGGGTA,410
TGTTTG,410
GAGTGT,410
GTTAGG,410
GGGTGG,410
TTATGT,410
TCTGTG,409
ATGTGG,409
TGGTTA,408
AGGTTG,407
AGTTGG,406
GGTAAG,406
ATTGTG,405
TTGTTT,405
TGTTAG,404
ATAGGT,403
GTGCGT,402
TTGTTG,401
GGTGTA,401
ATTTGG,400
AGGTTT,400
GGTGGT,399
ATTGGG,399
AGGTAT,399
TGGAGG,398
TATGTG,398
ATAGGG,398
AGTGGT,397
AGGGTG,397
TGTTGT,397
GGTAGT,396
GTAGTT,396
TGGCAG,396
GGGTAG,395
GGTCTG,395
TTGGCT,394
AGGGGT,394
GTGTTG,394
GTATGT,394
TAAGTG,393
ATTGGT,392
AGTGTT,392
GTATTG,392
GGAGTT,391
ATGGTG,391
GTGATG,391
GTGGGG,391
TATGTT,391
TATGGT,391
AGGTAG,391
AGGGTA,390
TGGGCT,389
TTAGGT,389
GTTCGG,389
GGATGG,388
GTTGTA,388
GTTTAG,387
TAGTGG,386
GTTTGG,385
TATTGT,385
TGGGGA,385
TTGGAG,385
TAGTGT,384
ATGTTG,384
GGTTTA,384
GGGCTG,383
GGATGT,382
TGGGGC,382
ATGTGT,381
AGGTGG,381
GGTGGG,381
GATGTG,381
TTAGGG,380
CATGTG,380
TGGATG,379
GTAGGG,379
GGAGTG,379
AGGGCT,378
AGGATG,378
GGTCGG,377
GGTTCG,377
TGGATT,377
TATAGT,377
TTGTGT,376
GTGTGT,376
AGAGTG,376
TGTAGT,376
AGGTGT,375
TGGGAT,375
TGTGTT,375
GGGATT,375
GTGTAT,374
GAGGTG,374
TTGAGT,374
TTGTTA,373
GCGTGT,373
GTAGTG,372
GTGTTT,371
TGGAGT,370
AAGGGT,370
TGCGGT,370
AGTGGG,370
GTGAGT,369
ATTGTT,369
TTAGTT,369
GTTAAG,369
GTCTGG,369
TGGGCA,369
TGGGAG,368
GATATG,368
GTGGAG,367
ATAGTG,367
TTTTGG,367
GGTGTT,367
TGGCTT,366
TGGTGA,366
GGTATA,366
TTGTAT,366
TGTGTA,366
TATGCG,366
GCTTGT,366
TATAGG,366
GTGCGG,365
GTGATT,365
GGGGCT,365
GTATTT,365
TGCGTG,365
GGGGCA,364
GTTTGT,364
TAAGGT,363
GCTGGT,363
TTGGAT,363
TATCGG,363
TTGAGG,362
TGATTG,362
GATTGT,361
GGATTG,361
CGGGTG,361
TTGGTC,361
GTGGCA,361
TTTGTA,360
TCTGGG,360
ATGGAG,359
GGGGGT,359
GAGTTG,359
GGCATG,359
GGGGTC,359
TAGGTC,359
GGCTGG,358
TGGCTG,358
GGCTTG,358
TAGGTA,358
TGAGTG,358
AGTAGG,358
TCTAGG,357
GGCATT,357
GGTTTT,356
TTATTG,356
CGTAGG,356
TGTGGA,356
CTTGGT,356
CTGGTG,356
GGGTCG,356
GATGTA,356
TGTGAT,356
GATAGT,356
ATATTG,355
GTAATG,355
AAGGTG,355
TAAGGG,355
GTGCTG,354
GGGAGT,354
GTGTTA,354
GGTAAT,354
AGGGGG,354
AGGGTC,354
GGTGCT,353
GTGGTC,353
AAGGGG,353
TGGGTC,352
GGTACG,352
TTAAGG,352
TCAGGG,352
GGATAG,352
ATGGTA,352
TGGTCA,352
GGGTCA,352
GTTTCG,351
GGTGAG,351
TGAGTA,350
TGATGT,350
TCTGGT,349
TTAAGT,349
AGGGAT,349
TTTTGT,349
TAATGG,349
AATGGG,349
CTGTGG,349
TGATGG,349
GTGGCT,349
AGCGTG,349
GGTCAG,349
AGTTGT,349
GCTAGG,348
GTTGTT,348
GCTTGG,348
GGGAAG,348
GATTTG,348
TCGGTT,348
CGGGTA,347
GGCTGT,347
GCTGGG,347
TGAGGT,347
TGGGCG,347
TTCGTG,347
GGGGAT,346
GGAAGG,346
AGTAGT,346
GTTATT,346
GTGGGA,346
TGTTAT,346
TAGCGG,346
GGAGGG,345
TAGGAG,345
CAGGGG,345
TGCATG,345
GTTTTG,345
GAGGTT,345
GGTCTT,345
TATGGA,345
ATCGGT,345
TGGCGG,345
GATGGT,344
TACGTG,344
GGAATG,344
GAGGGT,344
TCGTGG,344
CGGGTT,344
ATTAGG,344
TGAGGG,343
TGGTCG,343
GTCATG,343
TTGCGG,342
AGTTAG,342
AGGATT,342
GCAGGG,342
GGAGGT,342
ATGCGT,342
GGGCAG,341
AATGTG,341
TAGGCT,341
TAGAGG,341
TCGTGT,341
TGAGTT,340
TTGCGT,340
TAGTAG,340
ATGAGG,340
CGGGGT,340
GCTGTG,339
TTGGCG,339
ATGTTT,339
GATAGG,339
GTTACG,339
CGTGTG,339
ATATGG,339
ATGGGC,339
CGTATG,339
GTATTA,338
GTGAGG,338
TGCTGG,338
TAGTTG,338
TATGTA,338
TTAGCG,338
GATGTT,338
ATGCTG,338
GTTGAG,338
GGTGAT,338
GGTGCA,337
TTGATG,337
GGGATA,337
TGGTTC,337
AGGCTG,337
TTTGAG,337
CATTGG,337
GTATAG,336
ATTATG,336
CTGGGT,336
GGGGAG,336
TGCGTT,336
GGTTGA,336
GTAGCG,336
GTTTAT,336
TGGAAT,335
GGCTTT,335
GGGTTC,335
TCGGTA,335
GGCGTG,335
CGGTTG,335
ATTTGT,334
TCGGGT,334
GCGATG,334
GCTGTT,334
GCATGT,334
GTACGT,334
TATTAG,334
TATTTG,334
TGGCGT,334
TCTGGA,333
GTCGTG,333
ATTGCG,333
TGGGAA,333
GTGTAG,333
GTTATA,332
AGGTTA,332
TTTGGA,332
GATTGG,332
GGTGGA,332
GCGTTG,332
TGCTAG,332
TGTTTA,332
TTATAG,331
TATGGC,331
TTAGTA,331
TGTGCT,331
TATAAG,331
GGGCGT,331
TTGCTG,330
GTTGGA,330
TTTGCG,330
TGGTGC,330
GGGCTA,330
AGTTTG,330
TGCGGG,330
TTGTGC,330
GTGGAA,330
GCGTGG,330
GTAAGG,330
GTGTGA,330
GGTTGC,329
GGCTTA,329
GGGTGA,329
GCTTTG,329
GTTCGT,329
GGGCAT,328
TGTTTT,328
TGCTTG,328
TGTACG,328
TGGTAA,328
GTGGGC,328
GATGGG,327
GGCGTT,327
TGTCTG,327
GATTAG,327
CTGGGG,327
GTGGAT,327
TAGGGA,326
TGTGGC,326
TGTGCA,326
GGTATC,326
AGTAAG,326
GTAGTA,326
GAGGTA,326
ATGTAT,326
GTGCTT,326
CTTGTG,326
AAGTTG,326
GGTCGT,326
GCATTG,326
GAAGTG,326
AGGAGT,325
CTGGCT,325
CGTGTA,325
AAGGTT,325
CGTGGG,325
GTTAGA,325
TGCGAG,325
ATGGGA,324
CTATGG,324
GCGGTA,324
TTTTAG,324
AGTTTT,324
AGGGCA,324
ATATGT,324
GAGTTT,324
GGTTCA,324
GCGGTT,324
AGAGGG,324
GGATTT,323
CATGGG,323
TAGGAT,323
TAGAGT,323
CGTTAG,323
CGGTTA,323
TCGTAG,323
TTTGAT,323
GTTCAG,323
TGAATG,322
GTAAGT,322
GGAGTA,322
GTCTTG,322
TTCGGT,322
TCTTGG,322
ATAGTT,322
TCGGAG,321
TATATG,321
CTGGTT,321
ACTGGG,321
TAGGGC,321
TGGCTA,321
TTTCGG,321
GCGGGT,321
CGTTGG,320
CATTGT,320
AAGTGG,320
TATGAG,320
GGGAGG,320
GGTGTC,320
TGTGAG,320
TGTGTC,320
GTGCAG,320
TGATTT,320
GTTAAT,320
GCATGG,320
GGTTAA,319
GCGGTG,319
GGCTAG,319
TCGGTG,319
GGCTAT,319
AAAGGT,319
TGGAAG,319
GCAGGT,319
TGCATT,319
TAATAG,319
GGTCAT,319
TTGGCA,318
TGTATA,318
GTATAT,318
GCTATG,317
TTTAGG,317
ATAAGG,317
GTAATT,317
TTCTGG,317
CGGTAT,317
TTCTGT,316
TCGGAT,316
TTTATT,316
ATGAGT,316
ACGGGT,316
AATGGT,316
TATATT,316
GTGATA,316
TACGGG,315
GAGTGG,315
GAAGGT,315
CTGGAG,315
TGTAAG,315
TCTTGT,315
TTATTT,315
ATGTAG,315
GTGCAT,315
TGTCGT,315
TGCGGA,314
TAATGT,314
GGGAAT,314
CGGTGG,314
GTATGA,314
TGGCAT,314
GGGACT,314
CAGGGT,314
TCGAGG,314
GCGTAT,314
GTTGGC,313
CTGTGT,313
AGGCTT,313
GCTTAG,313
GAATGG,313
ATTGTA,313
TCGGGG,313
ATTTTG,313
AATGTT,313
TAATTG,313
ATAGGA,312
AGTATT,312
TGGATA,312
CAGGTA,312
CTTGTT,312
ATGTTA,312
GAGGCT,312
GGCAAG,312
GGGTGC,312
CGTGGT,312
TGCAGG,312
ATGTCG,312
ATGCGG,312
AGGGAG,311
TACGGT,311
GTATCG,311
ATGATG,311
AAGTGT,311
TGTAAT,311
TAAGTT,311
AAAGGG,311
GAGCGT,311
TTTGCT,311
GGCTCG,311
TATTTT,311
TGTCGG,311
GTCTGT,311
TACTGG,310
AGGCAG,310
GTAGAG,310
AGTGTA,310
TGTGCG,310
TGCTGT,310
CGGGAG,310
TGCGTA,310
AGTCGG,309
GAGCTG,309
ACGTGT,309
TGTCAG,309
AGGAGG,309
CTAGTG,309
GTCTAG,309
CTAGGT,309
TAGCGT,309
GGCATA,309
ATTAAG,309
TTTTGA,309
GCAAGG,309
CGGATG,309
TAGTTT,309
GGATGC,308
GAGATG,308
TGCGCT,308
AGGGGA,308
CTTTGG,308
GGTAGA,308
TTAGAG,308
AGGCGT,308
GGCCTG,307
GGATAT,307
TAGATG,307
CTGTTT,307
TATGTC,307
CTTGGG,307
GTAGAT,307
ATTCGG,307
TTGGGA,307
AGTGTC,307
GGCGTA,306
TGTTGC,306
ATAGAG,306
GGGGGA,306
GTTGTC,306
AGATTG,306
TTAGGA,306
GAGAGT,306
ATCGGG,306
TACGTT,306
ATCGTT,306
GATCGT,306
ACGTGG,305
GATATT,305
ATATAG,305
GCTCTG,305
TAGGCA,305
AGATGT,305
AGCATG,305
GGGCGA,305
GAAGGG,305
ATGGCG,305
GCTAGT,305
GGCAGG,304
AATGCG,304
GCAGTG,304
TGAAGT,304
GTATGC,304
AGGGAA,304
TGCGCG,304
GGATCG,304
GCTGTA,303
ATGGAT,303
AGGGCG,303
ATGGCT,303
TACTGT,303
CTGTTG,303
TCGTTG,303
AGGTCG,303
AGTACG,303
ATGTCT,302
TCGGCT,302
GAGGCA,302
AATTGG,302
ATGGCA,302
GTCGGA,301
GGTGGC,301
AGTGGC,301
GAGGGG,301
TGTTGA,301
TTGGAA,301
TCATTG,301
CAGGTT,301
TTGTCG,301
AAGGTA,301
ATCTGG,301
GTGTTC,301
GGGTAA,301
GCGGTC,301
TTGCTT,301
TAGGCG,300
GATCTG,300
TGTAGA,300
ACAGGG,300
GAGTAG,300
CGGCTT,300
CGGGGG,300
CTGGTA,300
TTAGAT,300
ACTGTG,300
GGAAGT,300
GATGGA,300
GGCGGT,299
TTGTGA,299
GCGAGG,299
AGGTTC,299
AGTCTG,299
AGTATA,299
GGGCGG,299
TAGATT,299
CATGTT,299
TTTATG,299
GAGTAT,299
GTTGCG,299
GTGTCT,299
TATTAT,299
CTTAGT,299
GGTGCG,298
AGGTCA,298
TAAAGG,298
GCATTT,298
TCTATG,298
GCATAG,298
TGGACG,298
GTAGGA,298
TTAATG,297
GGTACT,297
ATTTAG,297
AACGTG,297
TGCTTA,297
GTAGTC,297
GTACGG,297
GTCGTT,297
AGATGG,297
AGAGTT,297
TCCGGG,296
ATGGTC,296
GGCAAT,296
AGAGGT,296
TTGGGC,296
TGAGAG,296
TAGTAT,296
TATGCT,296
TATACG,296
GCGGGG,296
TGGAGC,296
GGAGCG,296
CATGGT,295
GGATGA,295
AGCGGT,295
GATTTT,295
TTTAAG,295
CGCTGG,295
AGCTAG,295
CATAGT,295
CGGTAG,295
GGTCTA,295
TCTAGT,295
TCTGTT,294
CGAGTG,294
ACAGTG,294
TTAGGC,294
TGAGAT,294
TAATTT,294
GTAAAG,294
AAAGTG,294
ACGGTT,294
TAGTCG,294
CGTTGT,294
TGCCGG,294
GTTCTG,293
GGATTA,293
GTGAAG,293
CATATG,293
TCGTTT,293
GTGCGC,293
GTCATT,293
CGTGCA,293
ATTAGT,293
AGGCGG,293
CGGTGT,293
GGAGAG,293
AAGCGG,293
TGGAGA,293
AGTTGA,293
GCGTAG,293
TTCGTT,293
CGGGAT,292
CTATGT,292
AGATAG,292
TCTTTG,292
AGCTGG,292
GTTGAT,292
CGAGGT,292
TGATAG,292
GTGTCA,292
AGCGGG,291
GCTTCG,291
TGCTTT,291
TGTTCG,291
GGTAGC,291
CATAGG,291
GTCGGT,291
AGTTAT,291
ATAGCG,291
TTGTTC,291
CTAGGG,291
AGTGAT,291
ACTGTT,290
GTTAGC,290
AGCGCT,290
GAGTTA,290
AGAAGG,290
AAGGGC,290
GCGTTA,290
TGAAGG,290
TGTCAT,290
ATTGAG,290
GCGGAT,290
AGTGAG,290
GGGACG,290
GTACAG,289
GTTGCT,289
AAGGGA,289
CTTTGT,289
TGAGGC,289
CTTGTA,289
TCAGAG,289
GCCAGG,289
GGCGAG,289
TAGTGC,288
TCGATG,288
GTCGTA,288
GATAAG,288
GAGAGG,288
TTGATT,288
GTAGCT,288
CTGAGG,288
GGCGCT,288
TCATGG,288
AGCGCG,288
TATTGA,288
TTATCG,287
AGGTAA,287
ATCGTG,287
GACAGT,287
TACAGT,287
CTGGCA,287
AGGCAT,287
ACTTGG,287
GGTTCT,287
TTCGTA,287
CATTAG,287
CGGGTC,287
ATGGAA,287
ACGTTG,287
AGGAAG,287
CGCGTG,287
ATTATT,286
GAAATG,286
TCGGCG,286
AGTCAG,286
CTTATG,286
ATACGT,286
CGTGTT,286
CTATTG,286
GGAGAT,286
TCGGTC,286
ATCGCG,286
TGAGGA,286
CCGGGG,286
GCTGTC,285
GGGATC,285
GGGCCT,285
GGAGCT,285
CGTATT,285
ATGTGC,285
CGGGGA,285
TAAATG,285
TCGTGC,285
TTACGG,285
TGCAGT,285
CGGAGG,285
AGGTGA,285
GTATAA,285
AATAGG,285
TGTTCT,285
AGTGGA,285
ATTGCA,285
TATTCG,285
GGGGCG,285
AATTGT,284
AACGGT,284
CGGGCA,284
TCGGGA,284
CGGAGT,284
AATTTG,284
GCAATG,284
TCATAG,283
CGGTTT,283
TGGTAC,283
ACGTAG,283
GAGCTT,283
TGAAAG,283
CGTTTG,283
CGCTGT,283
ACTGGT,283
GATTAT,283
TATTTA,283
GTCAGG,283
CAGGTG,282
CGATGG,282
TGAGCG,282
CTTCGG,282
TTAATT,282
GTCCGG,282
TTTGTC,282
GCGCGT,282
GAGGAT,282
GTTGCA,282
CTGCGT,282
GCTCAG,282
CTTGAG,282
AAGGAG,282
TGCGAT,282
TCAGGT,282
AGCGTT,281
GGAACG,281
GTGGCG,281
GGGCTC,281
TCAGCG,281
TGGCTC,281
TCGAGT,281
GTGTGC,281
TAGTTA,281
GGAATT,280
ATGCTT,280
GGAGTC,280
CAGTGT,280
GTCAGT,280
GCTATT,280
TCCTGG,280
TTTGGC,280
AGTTTA,280
TTGTCT,280
GGCTCA,279
TGCTCG,279
CTGCGG,279
TAGTGA,279
GATTCG,279
CTGGAT,279
CTTAGG,279
TAATTA,279
GGTCCG,279
GGGGGG,279
TACGTA,279
AAGGAT,279
AGCAGT,279
TGTTAA,279
AGCTTG,279
TTGCAT,278
ATTGGA,278
TAAGGC,278
TCAGTG,278
GCGTGC,278
CGTTCG,278
TATCGT,278
TTAGCT,278
GTGCGA,278
TTTAGT,278
TTATAT,278
ATCTGT,278
TGGATC,278
AGCTTT,278
GGTTAC,278
TGTAGC,278
GCCTGG,278
GGAGGA,278
GATTTA,277
GTCGGG,277
CGGGCT,277
TGCGCA,277
TTGTCA,277
CGTGGC,277
TGTTTC,277
TGTCTT,277
CGTTAT,277
GTTTGA,277
AGTGCT,277
CCTGGG,277
GGGCAA,277
GATGAG,277
ACGGGG,277
TCGTAT,277
CGGGCG,276
AATAGT,276
GCGGAG,276
AGCATT,276
ACGGTG,276
GGAAAG,276
GATGCT,276
AGTGCA,275
AAGTAG,275
GCTGGA,275
AAGCGT,275
AGTTCG,275
AAGGTC,275
CTAGTT,275
TTATTA,275
TGAGCT,275
AGCGTA,275
GAATTG,275
GAGGTC,275
GCTCGT,275
TATCTG,274
TCGCGT,274
GACTTG,274
GGCAGA,274
AGTCTT,274
ATTGGC,274
CTGTAG,274
GTATTC,274
GTCTTT,274
TCGGCA,274
AAGGCT,274
GAGCGG,274
GCTCGG,274
GTGCTC,274
AATATG,274
TAGATA,274
ACAGGT,273
TGGAAA,273
GTTTTA,273
TCGCGG,273
TCCGTG,273
GCAGTA,273
TAGCTG,273
GTTTGC,273
CTTGGC,273
GTTATC,273
GTGAAT,273
TGATAT,273
TTTGCA,273
TCAGTT,273
GTCGAG,273
TACTTG,273
TCAGGA,272
GAGATT,272
GGCTAA,272
CGGATT,272
ATCAGG,272
GGCAGT,272
GCGGCA,272
AGCGAG,272
TAAGCG,272
CAGTGG,272
GAAGTT,272
GGGAGA,272
ATGATT,271
TTAAAG,271
GGATAA,271
GATGCG,271
GCTGGC,271
CGTGCT,271
TACAGG,271
GTTACT,271
AATTAG,271
TATCAG,271
ACTATG,270
ATGTGA,270
CGTGGA,270
AGAGCT,270
GACTGG,270
TTAGCA,270
GTGTCG,270
TCGATT,270
TCGTGA,270
GTGCTA,270
AGTAAT,270
ATAGCT,269
TGTTCA,269
AGGCTA,269
GACGTG,269
CTGATG,269
TGATTA,269
GGAGCA,269
CGTAGT,269
TAAGGA,269
AGGGGC,269
ATTTTT,269
CTTAAG,269
CAATGG,268
CGCGTT,268
CTGATT,268
GCCGTG,268
CGCTTG,268
CGTCTG,268
TGCTCT,268
CTGGCG,268
TGGCCT,268
CGATGT,268
AGTGCG,268
TAGGAA,268
ATGCAG,268
GGCGCG,268
GGATCT,268
GCTGAG,268
TTGGCC,268
CTGGTC,268
GTAATA,268
ATCATG,268
AAGGCA,268
TTGCAG,268
GGTTTC,268
TATAAT,267
AGTCGT,267
ATACGG,267
CTGTAT,267
GAGTCT,267
TCCGGT,267
TCTTAG,267
CGCGGT,267
GGCCAG,267
ATTGCT,267
TCTTGA,267
TACGAG,266
GATGTC,266
CAGGCT,266
GGGAAA,266
AAGAGT,266
GGACGT,266
AAGCTG,266
TATAGC,266
GGAGGC,266
CGATTG,266
TAAGAG,266
TATGAT,266
CGTTTA,265
GATGAT,265
GCTTGA,265
ATATCG,265
ACGTAT,265
ACGGCT,265
GAGTGC,265
GTAAGA,265
CTGTGC,265
GGGGAA,265
AGTTTC,265
GCGCTT,265
GTGACT,265
TAGCAG,265
TTGATA,265
CCGGTG,265
TTATGA,264
GAAAGT,264
TCAAGG,264
GCGAAG,264
TTATGC,264
AGATCG,264
GCGGGA,264
TCATGT,264
ACTTGT,264
GTCCGT,264
GGAACT,264
TCTGTA,264
CTCGTG,264
CGAGGG,264
ATTCGT,264
TGAATT,263
AAGAGG,263
TGGCAA,263
GATCGG,263
GAATGT,263
TTGAAG,263
GCGTTC,263
GCAGTT,263
GCGCGG,263
ACATGT,263
GCGTGA,263
AATCGG,263
GGACTT,263
TTTCGT,262
GCATAT,262
AGGTGC,262
TGACGT,262
TGGGCC,262
TCGCTG,262
TATGCA,262
TGATCG,262
TGGGAC,262
TTAGTC,262
TCTGCG,262
ATAGTC,262
ATAGGC,262
CTCGGG,262
AGGTCC,262
TGCTAT,262
CAGTTG,262
AGTTGC,262
GCTAAG,262
CATATT,262
AGGATA,262
TGGACT,262
TGGCGA,261
TGTATC,261
AGAGGA,261
CTAGTA,261
CGTACG,261
GTGGAC,261
TAGTTC,261
CTCGGT,261
GAGTGA,261
GCCGGG,261
TACATG,261
GGATCA,261
AAGGCG,261
AATCGT,261
GAATTT,261
ATGCGA,261
AGGTAC,261
CAGAGG,260
GATGCA,260
GTCTTA,260
GGTAAA,260
GGGGAC,260
CATTTG,260
TCTATT,260
AAGATG,259
TGAGTC,259
TGCAAT,259
TACGGA,259
CTTTAG,259
CTGAGT,259
CTTGCT,259
GTATCT,259
ACATGG,259
CAGCGT,259
GTTCTT,259
TACTAG,259
CGTTTT,259
TGGCCG,259
GGAATA,259
AAGCTT,259
AGAGCG,259
AGCTGT,259
GTTCGC,259
GGGAGC,259
ATAGTA,259
ATAAGT,258
TATTGC,258
AAATGG,258
TATATA,258
TCAATG,258
GATACG,258
CTGGGA,258
GGGCCA,258
TAGCAT,258
ACGGTC,258
TGGTCC,258
TTTCAG,258
TAAGAT,258
CAGGAG,257
ATAATG,257
AACTGT,257
AGCAGG,257
TGCAAG,257
TTCGAG,257
ACGGAT,257
GAGCGA,257
GTGACG,257
AGATTA,257
CGGCAT,257
GTCCTG,257
GGTACA,257
CGGATA,257
GCGAGT,257
GCATGC,257
TCTCGG,256
GCATCG,256
TAAAGT,256
CGGTGA,256
GCTACG,256
GTGGCC,256
CAAGGT,256
CAATGT,255
CTATTT,255
AGGCTC,255
CAAGGG,255
ACCGGG,255
GCGCAG,255
ACAGTT,255
TCTAAG,255
CTTGGA,255
ATTCTG,255
TTCGGG,255
GAAGAG,255
CTAGCG,255
GCGTTT,255
ACGGGC,255
GCTGCG,255
CGCAGG,255
GAAGCT,255
CTGTTA,255
ATTGTC,255
GCAGCG,255
GTATCA,255
TAGCTT,255
GAGGGC,255
GACGGT,255
GTCTAT,254
CTTATT,254
CGCATT,254
GCAGGC,254
GTTTTT,254
TCGCTT,254
GGGACA,254
CGGAAG,254
ATTCAG,254
CCGGTT,254
TATTAA,254
AGTCAT,253
CTCTGG,253
TTCTAG,253
GGCTTC,253
TAACGG,253
GGCACG,253
GACAGG,253
TATCAT,253
GACATG,253
GTCGCG,253
AACAGG,253
GTAAGC,253
GCGATT,253
ATGAGA,253
ATCAGT,253
AGCGAT,253
ATAGAT,253
TGACAG,252
AGGCAA,252
TAGTCA,252
CATGCG,252
GTGAGA,252
TGCATA,252
GGCGGA,252
CGTGCG,252
GTTTAA,252
ATGAAG,252
GGCATC,252
ATATTT,252
CAGCGG,252
GGCACT,252
GTCGCT,252
GAACGG,252
GCGGCT,252
TCGTCG,251
CCAGGG,251
GGCTGA,251
GAGAAG,251
ATCCGG,251
ACGTTT,251
CCATGG,251
GCGGGC,251
ATCGAG,251
AATGGC,251
CAGTTT,251
AGCCTG,251
ATTTCG,251
AGAATG,251
GCTTTT,251
GTGTAA,251
GTCCAG,251
GTTGAA,250
CTTCAG,250
TCGGAA,250
TGCTTC,250
GGCCTT,250
ATGGAC,250
CGAGTT,250
TTGTAA,250
TCTGCT,250
CATTAT,250
GACATT,250
TGGCGC,250
AATGTA,250
AACGCG,250
TACCGG,250
ATCTTG,250
ATTACG,250
TATCTT,250
CTCTGT,250
AGGAAT,250
GGCGAT,249
GTAAAT,249
ATTGAT,249
CGGCTA,249
ATTAGA,249
CCGGTA,249
CTGCTT,249
TATAGA,249
ATTTTA,249
CCGGAG,249
ACGCGT,249
AGCTCG,249
ACAGCG,249
AATGTC,249
CATCGG,249
GACTGT,249
TGTACT,249
GATCTT,248
GCTTAT,248
TCGCAG,248
GCTTTA,248
GGGCCG,248
TTCAGT,248
GGCGCA,248
GCGATA,248
GAATAG,248
CGGTGC,248
AACTTG,248
TGATGC,248
GGCTGC,248
CTAGAG,248
AGTTCA,248
TTGGAC,248
TTCGCG,248
GATATA,248
ACTTTG,248
ATCTAG,248
ACCTGG,247
GCTTGC,247
TAGTAA,247
AGGATC,247
CAGAGT,247
CAATTG,247
ACGGAG,247
CTGTGA,247
CAGATG,247
GTTCTA,247
GCGGAA,247
CGCATG,247
AGCAAG,247
AGGGCC,247
TGACTT,247
GAGCAT,247
GATACT,247
GAGGAG,247
TCGTTC,247
GTCAGA,247
GGCCGT,246
TCTTTA,246
CTAAGG,246
GAGTCG,246
GTAGCA,246
ATGCAT,246
TCAGTA,246
AAGTAT,246
GAGGCC,246
ATGTAA,246
TGCCAG,245
CTGTCG,245
GTAACG,245
GCATTA,245
AGTATC,245
GAATGA,245
TAATAT,245
GGTAAC,245
ACATTG,245
TCTACG,245
CGTGAT,245
GCAGGA,245
TCAGCT,245
TGCGTC,245
TGTTAC,245
GAGAGC,245
CTAAGT,245
TAGGAC,245
GGACGG,245
CATGTA,245
TGTCCG,245
GGAAAT,245
ATGCGC,245
TTGCTA,245
ACTAGG,245
GTAGGC,245
CCTGTG,245
GGCGTC,244
GCGAGC,244
TCGTAA,244
TAGTCT,244
AGGCGA,244
TAATCG,244
AAGTGA,244
ATTAGC,244
AACGGG,244
GCGTCG,244
AGCGCA,244
TCAAGT,244
CGCGGG,244
AGCTAT,244
CCGTGG,244
ACGCTG,244
GGGTCC,244
GCCTTG,244
GTCTGA,244
GGGTAC,244
ACGATG,244
CGTAAG,244
GCGGAC,244
CAGGTC,244
GGCCGG,243
GGACAG,243
CTGGGC,243
AGAGGC,243
TAGACG,243
GTCGTC,243
AGAATT,243
AAGTTT,243
GACTAG,243
CTATAG,243
TGTCGC,243
CTTGCG,243
TCTGAG,243
AGCGGA,243
AGAGAT,243
ACGGGA,243
GTGCAA,243
ATCGGA,242
GTCAGC,242
CATCAG,242
AATTGA,242
GGGGCC,242
GTTTCA,242
GCGCTG,242
TAAGTA,242
CGCGTA,242
ATACTG,242
TGATGA,242
GATTGA,242
AAGATT,242
GGCTCT,242
TATGAA,242
GCCTGT,242
GCAAGT,242
ATTAAT,242
GATCAG,242
CCGGGT,242
TGCCTG,242
TGAATA,242
TTAAAT,241
GGTGAC,241
TAAGCT,241
ACGGTA,241
CTCGTT,241
GATAGC,241
GGAATC,241
CTGCAG,241
TGTAAA,241
GAGGGA,241
CTCAGG,241
ATATAT,241
TTCCGG,241
GCTGCT,241
GAAGTA,241
GGGCAC,241
CCTAGG,241
CAGGAT,241
CTGTCT,241
GGACTA,241
GGTCGC,241
CGTCGG,240
TATCCG,240
GAACGT,240
ATTTGA,240
GATTGC,240
ACAGTA,240
AGCGGC,240
CGAGAG,240
TACGAT,240
ATTTAT,240
CGAAGG,240
TTCGGA,240
TTTTAT,240
GCACGT,239
AAATTG,239
CTCGGA,239
CAGTAT,239
TGAAGC,239
CGCTAG,239
GCAATT,239
TATTCA,239
CCTGGT,239
ATGACG,239
GTCATA,239
AGTACT,239
ACGGCA,239
GTTCGA,239
TTGAAT,238
GCAGAT,238
CTAGGA,238
CGGCTG,238
CGTGAG,238
AATATT,238
TTGAGC,238
TAGAAG,238
GATAAT,238
ATCTCG,238
AGCTTA,238
GGCAGC,238
AGTAGC,238
GACTTT,238
GGCGGG,238
TTTATA,238
TTCATT,238
TGAGAA,238
AATTTA,237
ATGCCG,237
TAATGC,237
ATGTCA,237
CATCTG,237
GGTCAA,237
GGGGGC,237
CTGTTC,237
GGCTAC,237
GTGAGC,237
ATCGCT,237
CGTGTC,237
GAGCAG,237
TTTAGA,237
TGAGCA,237
TTAATA,236
CGGTCG,236
TTATCT,236
TGTGAC,236
ATATTA,236
ACTGCG,236
GTGTAC,236
AACTGG,236
TAGCTA,236
CACAGG,236
TATTCT,236
GAGTTC,236
TGCTGA,236
CAGTAG,236
GTCAAG,236
TCGGGC,236
TCTGGC,236
ATGCTA,236
GACGTA,236
GTAACT,236
GAGGCG,235
GACGGG,235
CAGAAG,235
GTAATC,235
AGGACG,235
ACTCGG,235
ATGTTC,235
CACGGT,235
CATTTT,235
CAAGTG,235
CTTCTG,235
GTTCAT,235
TTATAA,235
CGTAAT,235
AATAAG,235
CGTCAG,235
GATAGA,235
TGGACA,235
TCTGCA,235
CAGGGA,235
CGATCG,235
ATGAGC,234
GTCCGA,234
AGGCCG,234
TTGTCC,234
CGCGCG,234
GGAAGA,234
TTACTG,234
TGGCCA,234
CTTGCA,234
TTGAGA,234
GTGACA,234
AGGAGC,234
GCTATA,234
ATTTGC,234
TTGTAC,234
GGACTG,234
CTTCGT,234
TCCGAG,234
CATGCT,234
GCGAAT,233
TTTACG,233
AGCGTC,233
TTTAAT,233
CGGTCA,233
CCGTTG,233
AAAGTT,233
TGTGCC,233
GTACGA,233
AGATTT,233
AAGTCT,233
TCATTT,233
GAGTCA,233
TTCAGG,233
TCTTCG,233
GAGCTA,233
TAGAGA,233
TCCGGC,233
CACGGG,232
TACGCT,232
CGTCAT,232
AAGTCG,232
CGATAG,232
TCTCTG,232
CAGGGC,232
TGACTG,232
GGACAT,232
ACGCTT,232
TTATTC,232
TGCTGC,232
GAGATA,232
GCACAG,232
ATGATA,232
CTGGAA,232
ACGTGA,232
TACGCA,232
AACTAG,232
ACGATT,231
TATCGC,231
AGAGAG,231
GTTCCG,231
TACATT,231
TGCATC,231
ATCGGC,231
TAGCGA,231
CTGTCA,231
AGAAGT,231
CATCGT,231
ACTAGT,231
CCGTGT,231
AAGTGC,231
AGGACT,231
CATGGA,231
GCACTG,231
TCAGCA,230
CCTTGG,230
AGTAGA,230
CAGGCG,230
CAGTTA,230
ACTGTC,230
TCGCGA,230
CTAGGC,230
ATAAAG,230
GTACTG,230
GCCATG,229
TGTAAC,229
CGGCAG,229
GGGAAC,229
GCGTAA,229
ACGTGC,229
GTGCCG,229
GCGTCT,229
TAGCGC,229
CGAGTA,229
ATGTAC,229
ATCGTA,229
TGACAT,229
GTTTAC,229
TGTACA,229
CAAGTT,229
GCAGAG,228
TCCAGG,228
ATTATA,228
AGATGC,228
TAGCCG,228
AATGAG,228
CAAAGG,228
GCTACT,228
ACTGAG,228
AGATAT,228
GCTTTC,228
GAATCG,227
ATGGCC,227
GCCTAG,227
TGCGGC,227
CGAGCG,227
TAGACT,227
GCTTCA,227
AATGCT,227
AATGCA,227
GAGAGA,227
GCTCGA,227
AAAGAG,227
GTTTCT,227
TTCGTC,227
GGATTC,227
CGTTGC,227
TCAGTC,227
GGTCGA,227
ATAATT,227
ACGCGG,227
GGTGCC,227
CGTAGC,227
TTGCGA,227
CGGCGT,227
CCGTAT,227
CTTGAT,226
ACAGAG,226
CATGGC,226
GCCGGT,226
TCGTTA,226
ATTCTT,226
GAACAG,226
AAAGCG,226
TCTGAT,226
AAGTTA,226
CGGAAT,226
CATGCA,226
ACTGTA,226
ATGAAT,226
TCCGTA,226
CGCTTA,226
CTTAGA,225
TGTCTA,225
TAAGTC,225
CTTTTG,225
TCCCGG,225
AAGGCC,225
TCGACG,225
TGCCTT,225
CAGATT,225
CGCTTT,225
CATTCG,225
AATATA,225
AATGGA,225
AGCTCT,225
GAAAGG,225
TAGATC,225
AACATG,225
AGTGCC,225
AGCCGG,225
AATTCG,225
ACGAGT,225
ACCGGT,225
GTACAT,224
CAGGCA,224
GATCCG,224
CGCGAG,224
GTACTT,224
ACCGTG,224
CTAGTC,224
GATTCT,224
AGAGTA,224
GATCGA,224
ATCCGT,224
GGCAAA,224
GATCGC,224
TACGCG,224
TTCTTT,224
ATATGA,224
GAAATT,224
GTCTAA,224
GCTGCA,224
TGACGG,224
CGGGAC,223
GAAGGC,223
TCGTCT,223
CTAGCT,223
ACAAGG,223
GCCAAG,223
GCGTAC,223
GGCCCG,223
TTCAAG,223
CTATTA,223
ACTGCT,223
CTCGAG,223
TTCGCT,223
GGCCTA,223
TCATCG,223
ATTACT,223
TAACTG,223
CTTGTC,223
TTACAG,223
GCAGCA,223
TTGCCT,223
CAATTT,223
AGCTGA,223
AGAGCA,223
TAAAAG,222
ACTCGT,222
GGAAGC,222
TAGGCC,222
GACGTT,222
TCAAAG,222
GCATGA,222
AATACG,222
CCGGGA,222
GGCCAT,222
TAAATT,222
TCCGCG,222
GTCCTT,222
AGCATA,222
TACAAG,222
CGTATA,222
GCAGCT,222
AAGCAG,222
GCCGGA,222
CGGCGG,222
CAATAG,222
AGACAG,222
GCTCTT,222
AGTCTA,221
AAGCGA,221
GTAGCC,221
TTTCGA,221
AGGCCT,221
TAGTAC,221
CGGGGC,221
GCCAGT,221
ATAGCA,221
CTGAAT,221
CAGCTG,221
CATGAG,221
ATGCTC,221
TTCTGA,221
TTAACG,221
GCGTCA,221
CTTTGA,221
AGTTAA,221
TCTGTC,221
CGGACG,220
ACATCG,220
CATAAG,220
GCGACT,220
AACGTT,220
GAAGCG,220
AGGGAC,220
TAGAAT,220
CATTTA,220
GGATAC,220
AGCAGA,220
TTACTT,220
GCCTAT,220
TCAGAT,220
GAAGAT,220
TTCGAT,220
GGTACC,220
AGATCT,220
AAATTT,220
AGAGTC,220
CGTCGT,220
CGAGAT,219
CCTGTT,219
GTTGCC,219
AATTAT,219
AGGAAA,219
TTGACT,219
GCCGTT,219
GGCGAA,219
CATGTC,219
CTAATT,219
CGATTT,219
TACACG,219
GTCAAT,219
TACCTG,219
CCAGGT,219
TTAAGA,218
TAGCCT,218
TGTCGA,218
AACAGT,218
CCAAGG,218
AAATAG,218
TGATAA,218
GAGCTC,218
TACTTT,218
GCAAAG,218
TGTGAA,218
GGCACA,218
GCTCCG,218
GCGCAT,218
AAGCAT,218
GAGTAA,218
TAGAGC,218
ACCAGG,218
TGATCT,218
CTGTAA,218
GTATAC,218
CGCCTG,218
GCATCT,218
GCTAAT,218
CGGTTC,218
CTTAAT,218
CGTCTT,218
CTGCTG,218
GTTACA,217
GCTCAT,217
TGCTCA,217
CACAGT,217
TTCCTG,217
GTGTCC,217
AGATGA,217
TGCGAA,217
CTATGA,217
ATGACT,217
ACGAGG,217
CACTGT,217
TCGCAT,217
CGCAAG,217
CCTTAG,217
CGAATT,217
CGCGGA,216
GCGATC,216
GGTCCA,216
TCGAAG,216
TTGACG,216
ATTTAA,216
AAAGTA,216
AACCGG,216
GTTTTC,216
CGCCTT,215
TGTCTC,215
TGATTC,215
GTTCTC,215
GGTCAC,215
TCTTAT,215
CGAATG,215
TCTATA,215
CCTGTA,215
AGTTAC,215
CTGAAG,215
TTACGT,215
GTGATC,215
GCACTT,215
CGAAGT,215
ATAGAA,215
CCTTTG,215
CAAGCG,215
AAAGGC,215
GCATTC,214
CGTCCG,214
AAAGGA,214
AGAACG,214
TCCTTG,214
ACTCTG,214
TTCTTA,214
CTATCG,214
CACATG,214
GCTTAA,214
TTCGGC,214
CTTTGC,214
TTTTGC,214
GAAAAG,214
GGTCCT,214
TAAGCA,213
TGCCGT,213
CATACG,213
ACTGGC,213
TCCTGT,213
CCGGCT,213
CTAATG,213
CATAGC,213
TATATC,213
AGGCGC,213
AGAAAG,213
CGCAAT,213
GATCAT,213
ATACAG,213
CAGTGA,213
AGCCGT,213
TCATGC,213
CTACGT,213
CACGTT,213
TCGCGC,213
CTGCAT,213
GCTCTA,213
TGTCCT,212
GAATAT,212
CGTTGA,212
CAAGGA,212
CACGTG,212
TCTACT,212
ACTTAG,212
TGCACG,212
AATGAT,212
CCCGGG,212
TCAGGC,212
ATTCAT,212
CGATAT,212
GCTAGA,212
GTGCCT,212
AACGTA,212
TCGATC,212
CGGGAA,212
GAATCT,212
TGAAAT,212
CGGACT,212
CGCCGG,211
CATATA,211
ATGATC,211
TTTGAA,211
AATCAG,211
TCATAT,211
TGCCAT,211
GAGGAA,211
CACATT,211
TTACAT,211
GAGATC,211
CGTAGA,211
TGAGCC,211
GAGCGC,211
TTGCGC,211
CGGCTC,211
CCTTGT,211
GCGCTA,211
ACTTTT,211
GTATCC,211
AATAAT,210
TCTAAT,210
TAATGA,210
GCGACG,210
ACAGGA,210
TCGGCC,210
TCATTA,210
TTAAGC,210
GCGAGA,210
GCTTCT,210
AGTCCG,210
GGCCGA,210
TGTTCC,210
CGTACT,210
GACATA,210
ATACTT,210
CGGATC,210
GGCCAA,210
ATTATC,209
AGTTCT,209
TAACAG,209
TATCGA,209
AATTTT,209
GCCTTT,209
TCGATA,209
GACCGT,209
TAGCAA,209
TCCGTT,209
TACTAT,209
AGACTG,208
GTGCAC,208
CCGGAT,208
GGAGCC,208
ATGAAA,208
TTCGCA,208
ACAGTC,208
ACGTTA,208
GAGAAT,208
ATCTTT,208
GTCGAT,208
CGTTAA,208
TCGCTA,208
ACTTGA,208
ATTTCT,208
ACTTAT,208
CGTATC,207
GACTAT,207
TACGGC,207
GACCGG,207
TAGCTC,207
TTAGCC,207
AGATTC,207
GTCCCG,207
CACGAG,207
ACATAG,207
GAATTA,207
GGTTCC,207
GAATGC,207
ATTGAA,207
TTGATC,207
CCGAGG,207
TTTGCC,207
CAAGGC,207
TCAATT,207
GCGCGA,207
CAGCGA,207
CCGGGC,207
GACTTA,207
TCTCGT,207
ATACAT,207
GATCCT,206
GTCACT,206
CGAGCT,206
TAACGT,206
GACAAG,206
AGCTAA,206
CTCGCT,206
GCATAA,206
ATCTAT,206
ATATAA,206
AGTACA,206
GAACTG,206
AGATAA,206
CTCTAG,206
AGCTTC,205
ACGCAT,205
CCATGT,205
GTGAAC,205
CCGAGT,205
TTACGA,205
TTTTCG,205
ATATCT,205
AAAATG,205
GCCCTG,205
ATCTGC,205
ATTCGC,205
GACGAG,205
TCTTTT,205
TCGAGA,205
ACAAGT,205
GACTGA,205
GCTATC,205
TACTGA,205
CGCTAT,205
ATAACG,205
CAGAGA,205
GCTGAT,205
GCTCGC,205
GATTCA,205
GCACGA,205
ATTGCC,205
TACGTC,205
TCACGT,205
CGGCAA,204
TCGTAC,204
TCTTGC,204
GATTAA,204
GACTCG,204
GTTAAC,204
TACCGT,204
TGCAGA,204
ATTGAC,204
CAAGAG,204
AAATGT,204
GCAAGC,204
CATAGA,203
CGCAGT,203
GCCATT,203
TCTAGC,203
AAGCCG,203
TCTCAG,203
TTGCAA,203
GGCGGC,203
CTCGTA,203
CGGGCC,203
TGATAC,203
TCGGAC,203
GATGCC,203
TTAATC,203
TAAACG,203
CTGCGC,203
AGCGAA,203
CTGCTA,203
AAGCTC,203
ACTGGA,203
ATATTC,203
CGGAGA,203
CAGCTT,202
ATTCGA,202
TCTTAA,202
ATCCAG,202
ACGTCT,202
TTCTTG,202
TACTTA,202
AAGTAA,202
ATCGCA,202
ATCGTC,202
AAGTTC,202
GATATC,202
GAAGGA,202
ATCCTG,202
ACCGTT,202
GATGAC,202
GGGCGC,202
AGCTGC,202
ATCTGA,201
AACGGA,201
GCAGTC,201
CTGGAC,201
ACACGT,201
GTCTGC,201
CTGGCC,201
ATGCAA,201
CGCTGA,201
CGCATA,201
GGAGAA,201
CTATAT,201
CTCAAG,201
TACTCG,201
TATGCC,201
CAGGAC,201
CCCGGT,201
CTATGC,201
CTAGAT,201
ATAAGA,201
GTACGC,201
GTCGCA,201
TATAAA,201
ATATGC,201
CTGAGC,200
GTGACC,200
TCATTC,200
GAAGTC,200
TTCTAT,200
CAGCAT,200
TAATCT,200
TGAACG,200
GCCAGC,200
GCACAT,200
AGCACG,200
GTCTTC,200
AATCTG,200
GCTTAC,200
ACACGG,200
AAGATA,200
GATTAC,200
ATAATA,200
ACATGC,200
CATTGA,200
TGAACT,199
TTAGAA,199
TGTCAC,199
ACGTTC,199
CATAAT,199
CAGTGC,199
TCGTCA,199
ACTAAG,199
TCGCCG,199
ATGCCT,199
AACTTT,199
TTTGAC,199
CACGGA,199
TCCGGA,199
ATCGAT,199
CTTAGC,199
CTGTAC,199
ACTTTA,199
GACGCT,199
ACTATT,199
ACATTT,199
TTTACT,199
GTGCCA,198
GCAAAT,198
ACGTCA,198
TATACT,198
CGCGAT,198
TTCAGA,198
TCATGA,198
GAGCAC,198
GTAGAC,198
AATAGA,198
GTTAAA,198
CGATTA,198
TTCCAG,198
AGTGAC,198
ATAAGC,198
GACTCT,198
CCATTG,198
ATCATT,198
AATCTT,198
ACGCCT,197
TGCAGC,197
ACGCAG,197
CCTGGA,197
TCTCTT,197
ATGTCC,197
CGTCGC,197
CTTACG,197
CACGTA,197
GTACTA,197
CATGAT,197
AAAAGG,197
AGAATA,197
CAGTCA,197
CTCAGT,197
GAAACG,197
GCCCGG,197
AGTCGA,197
CTCCGG,197
TCTTCA,197
ATTCTC,197
TCACGG,197
CAGCTA,197
GTTCAC,196
CCTTAT,196
ACCAGT,196
CCTATG,196
ACAGGC,196
ACTGCA,196
CGTCTA,196
ATTCCG,196
GCAATA,196
AGCACT,196
TCCAAG,196
TAAGCC,196
CGAGTC,196
CAGTTC,196
AGGAGA,196
CGTTTC,196
AACGAG,196
CGTGCC,196
AAGGAA,196
TCTAGA,196
AAGCTA,195
AGTTCC,195
GACAGA,195
CACTTG,195
TTTCTT,195
CTTCAT,195
TGCTAA,195
CTCCGT,195
AGGCAC,195
AAACGG,195
AGTAAA,195
TATTAC,195
CAGCAG,195
ATCTTA,195
CGTTCA,194
CAGGAA,194
CCGATG,194
CCAGTG,194
TGCGCC,194
GTTCAA,194
AATTAC,194
CTGCTC,194
AAATAT,194
ATAAAT,194
TTTCAT,194
ACTTCG,194
TCTCAT,194
CAATAT,194
ACAGAT,194
ATCATA,194
GGACAA,194
GCATCA,194
CGGCGA,194
AGAGCC,194
CGCGCA,194
GGACGA,194
CGCGTC,194
GCCCGT,194
CCGGCG,194
ACTAGC,194
GAGACG,193
TGCAAA,193
GTCCAT,193
GACAAT,193
GACGCG,193
AAGAGC,193
GAGGAC,193
ACTACG,193
TCTGAA,193
CGAGGC,193
CGCGGC,193
TAATTC,193
CTCGCG,193
CGCTCG,193
CACTTT,192
TTGACA,192
TCGACT,192
TGCACT,192
GCAATC,192
AGGCCA,192
GTCATC,192
CGAAAG,192
CGATGC,192
GGATCC,192
TTTTTG,192
GAAACT,192
GAAAGC,192
TGGCAC,192
GGACGC,191
ATCAAG,191
GTTGAC,191
AGCCAT,191
ACTGAT,191
CTGACG,191
CCGCGT,191
GTCCTA,191
TCACAG,191
TACATA,191
CAGAAT,191
CTCCAG,191
CGAGGA,191
CAGATA,191
AATTCT,191
CTAGCA,191
CTGCGA,191
CCGCTG,191
TGATCA,191
TCCGCT,191
GCTGAC,191
AGCAAT,191
CCAGCG,191
TATTTC,191
GTCGGC,191
CGCGCT,191
GCTGAA,191
GACCTT,190
GATACA,190
GGCCTC,190
GTTCCT,190
TTCCGT,190
TGACTA,190
GCGCCT,190
CACTGG,190
AGCCAG,190
TAAGAC,190
CAAATT,190
CTGAGA,190
TCCGAT,190
AGCATC,190
TACGAA,190
TCCTTT,190
GAGCCT,190
TATCTA,190
ACTAGA,190
AGACAT,190
GAGCCG,190
TGCCGA,190
TGAATC,190
CCGTAG,190
CTTATA,190
TGTCAA,190
CGACGT,190
AAGTCA,189
CACAAG,189
CTCGGC,189
AGACTT,189
AGTCGC,189
TCGCAA,189
GGCCCT,189
ATGCAC,189
CTAAAG,189
AGAAGC,189
ACCTTG,189
CATTGC,189
AGACGT,189
ATACCG,189
GATGGC,189
CGACGG,189
AACGAT,189
CTGATA,189
CGGTAA,189
GTCACG,189
TCAATA,189
CAAGCT,189
AAGGAC,189
CCGGCA,189
ATACGC,189
CGTTCT,189
TCGTCC,188
GCCTTA,188
CAGTCG,188
ACGCTA,188
AACGCA,188
GAAGCA,188
GACACG,188
GATCTA,188
TAAATA,188
GCTAGC,188
TGGACC,188
CGCTGC,188
GCGCCG,188
TGGCCC,188
TGAAGA,188
CTCTTG,188
CCTGCT,188
GCGCTC,187
GGGCCC,187
CTCTTT,187
CGATCT,187
CGACAG,187
AAGATC,187
AACTTC,187
AAAAGT,187
AATCCG,187
TGTCCA,187
ACCTGT,187
CCTGGC,187
CAATCG,187
CGGAAA,187
ATAACT,187
GGCAAC,187
CAGGCC,187
TAACTT,187
TGAAAA,186
AAGTAC,186
AGGACA,186
TAATAA,186
TCCGTC,186
GTCGAA,186
TCGAAT,186
TTCGAA,186
TACCCG,186
TCGAGC,186
GGCGAC,186
CGGAGC,186
GACTTC,185
AAGAAT,185
GACAGC,185
ACTTCT,185
TTGCTC,185
GTCCGC,185
CGTCGA,185
CTTTAT,185
TGCCCG,185
CTACGG,185
CATTCT,185
AACGTC,185
GTGAAA,185
GCACGG,185
TCCTAG,185
CCGGTC,185
CGACTT,185
GAACAT,185
CTAACG,185
ACTCAG,185
AGCTAC,185
CTCGTC,185
CGCAGA,185
GAATTC,185
TGCTAC,184
AGCCCG,184
CACTAT,184
CAGCGC,184
CAATGC,184
CATCGA,184
ACGATA,184
TACTCT,184
GCCTGC,184
ATCAGA,184
AAATCG,184
TAAGAA,184
ACTTGC,184
CTGACT,184
ACAATG,184
TACAAT,184
TTTTTA,184
CTCCTG,184
CAGATC,184
TATCAA,184
GCGACA,184
TAATCA,184
ATACTA,184
TTGAAA,183
ATGCCA,183
TAAAGA,183
GTAGAA,183
TTAGAC,183
GAAATA,183
AGCTCA,183
GGCCCA,183
TCTCGA,183
TACGCC,183
GCCGAG,183
CCAGGA,183
AATTTC,183
CCAGTT,183
AGACGG,183
GGCACC,183
AAACGT,183
AGCCTT,183
CATTAA,183
GAGTAC,183
TCAAGA,182
CATCCG,182
ATCGAA,182
AACAAT,182
ACGGAA,182
TTCAGC,182
GCCATA,182
AAGACG,182
CCTCGG,182
CGCTCT,182
ATCTAA,182
TGGAAC,182
GCTCAA,182
CTTCTT,182
GATTTC,181
GATCAA,181
CCATAG,181
CGCCGT,181
AACATT,181
TTCTGC,181
GAACCG,181
CCTCGT,181
GATCTC,181
CCGTTT,181
AAACTG,181
GCTCCT,181
TTTCCG,181
CTTTCG,181
AATTGC,181
CAAATG,181
CTCAGA,181
GAACTT,180
CTTCGA,180
AAGCGC,180
GAATCA,180
TAAAAT,180
CATTTC,180
ATTAAA,180
CCGGCC,180
AACGCT,180
CTTGAA,180
GCGGCG,180
AGATCA,180
TTACTA,180
CCGGAA,180
CCTTGC,180
CAACGT,180
GCCTTC,180
CCTGAG,180
CGTCCT,180
ATTTCA,180
CACGAT,180
GACCTG,180
GCAAGA,180
CGGTCC,179
CCAATG,179
TTAACT,179
TCTATC,179
CCGTGC,179
CCGTTA,179
ACCTTT,179
TCGCCA,179
TCATCT,179
GACGAT,179
GCGGCC,179
TCCTTA,179
CAGCTC,179
CTGCCT,179
AGCCTA,179
CTGAAA,179
TCCAGT,179
CTAAGA,179
GGAACA,179
AAGAAG,179
TTCAAT,178
ATAATC,178
CGGCGC,178
ATTCTA,178
GACGCA,178
CTAAAT,178
CTCATT,178
TGCCAA,178
CTTATC,178
CCTACG,178
GCATAC,178
GAATAA,178
TCTCCG,178
ACCGAG,178
GATGAA,178
AACTCG,178
CGGCCA,178
AGTCAA,177
GGACCG,177
GCCTGA,177
AAGCCT,177
CCTAGT,177
CGTTCC,177
TAATAC,177
ACCGCG,177
ATAGCC,177
CGCTAA,177
ACATAT,177
GAAAGA,177
TGACCG,177
AGTACC,177
GTCAAA,177
CGGCCT,177
CTATTC,177
TGCCTA,177
GCAGCC,177
CGCGAA,177
ACCCGG,177
CGACTG,177
TACAGC,177
TTATAC,176
ATCTCT,176
TAACCG,176
TCCAGA,176
GCCGTC,176
TCACTT,176
TTATCA,176
CCATCG,176
AAAGCT,176
TTGCCG,176
ATACGA,176
AAAGAT,176
CCTCTG,176
ACCGTC,176
ACGCGC,176
AATAGC,176
AGGACC,176
TGTACC,176
ACACTG,176
AAACTT,176
CTCTGC,176
TCCTGA,176
TATGAC,176
TAACGC,176
AAGACT,176
CGTGAC,176
CTACAG,175
CTAATA,175
GCTGCC,175
GATAAA,175
TTCATG,175
CACTAG,175
CAATGA,175
TTTTCA,175
GGCTCC,175
CCCAGG,175
ATTCCT,175
CATATC,174
TAGTCC,174
CCCTGG,174
GACCAT,174
TGCGAC,174
AAAGTC,174
ACCTAG,174
AAATTA,174
GCAGAA,174
GCCAAT,174
CTTACT,174
CAATTA,174
TCTAAA,174
GTCACA,174
GCGCAA,174
GACTGC,174
CGTCAA,173
ACGAGC,173
CCGTGA,173
CATTCA,173
ACCGCT,173
CTTGCC,173
GCGAAA,173
TTTAGC,173
CTCGAT,173
TGCCTC,173
CCGAGC,173
ACGTCG,173
CAGAGC,173
GTTACC,173
GGACTC,172
CGATTC,172
GAGCAA,172
CCGATT,172
GCCGTA,172
TAGAAA,172
TCATCA,172
CGGAAC,172
GGCCGC,172
AGCGCC,172
GGTGAA,172
TATCCT,172
GCTCCA,172
AGTAAC,172
GAAGCC,172
AAAGCA,172
TACCTT,172
GGGACC,172
GACGGA,172
CTCGCA,172
CGTTAC,172
ACTCTT,172
TACCAT,171
AACCTG,171
CTAGAA,171
AAGCAA,171
TCAGAA,171
TTCCTT,171
ATCTAC,171
TCAGCC,171
CGTACA,171
GCAACT,171
TCTTCT,171
AGAAAT,171
TCCATT,171
GAGACT,171
GAACTA,170
CGCTCA,170
CAAATA,170
CAAGAT,170
CCGGAC,170
CGATAA,170
ACGAAT,170
ACACAG,170
GTTTCC,170
CCCGTG,170
CGTAAA,170
TTTCAA,170
CAGCAA,170
AATACT,170
GTAAAC,170
CCTGCA,170
ACAGCT,170
GCTTCC,170
GGACCT,170
TTTCTG,170
CTTTTA,170
TCACTG,170
ATCAAT,169
TACCAG,169
AGTGAA,169
TTTCGC,169
GAACGC,169
GCGCGC,169
ACTATA,169
TTGAAC,169
AATGAA,168
TACTTC,168
TCCAGC,168
AACAAG,168
ACGGCG,168
ACGCTC,168
CGAATC,168
CTATAA,168
AGAACT,168
AATACA,168
AGCGAC,168
TCTTAC,168
CCTTTA,168
ACTAAT,168
GACATC,167
ATATCA,167
GTAACC,167
CTGATC,167
ATAGAC,167
TTACGC,167
ATCTTC,167
TCGCTC,167
CAGCCG,167
AATTAA,167
TCTCTA,167
CGCCAT,167
CGAATA,167
CCGCGG,167
TCTGAC,167
CCAGCT,167
CAAAGT,167
GCCTCA,167
GCGAAC,167
AGACGC,167
ACGATC,167
ACAATT,166
AACTCT,166
CTTCCG,166
CCTTTT,166
AGTCCT,166
CTGCCG,166
AATATC,166
CCAATT,166
CAAGTC,166
ACGCGA,166
TATACA,166
CCATTT,166
ATTACA,166
TCTGCC,166
CGTCTC,166
CAAAAT,166
CCCTGT,166
AAATGA,166
GCATCC,166
AGAAGA,166
GGAAAC,166
CTGTCC,166
AATTCA,166
CGCCAG,166
TCAACG,166
GCCGCT,165
TAAAGC,165
CAAGTA,165
AGCAGC,165
CCGTTC,165
TCAAGC,165
ATTTAC,165
CACCGG,165
TCCCTG,165
AGCACA,165
CTATCT,165
ATATCC,165
GACCAG,165
GAAATC,165
TTCCAT,165
TTCCTA,165
TGACCT,165
CATTAC,165
CCAGAG,164
GATTCC,164
ACTCCG,164
TTCCGA,164
CCAGGC,164
TCAAAT,164
GGTCCC,164
AGACTA,164
AGTCAC,164
CTTTCA,164
CTCTGA,164
CCTCAG,164
GCCTCG,164
GCGCCA,164
TTTACA,164
GCCGGC,164
CGAGCA,164
GCGTCC,164
GCACTA,164
CGAACG,164
CCGATA,164
CCCTTG,164
ATTAAC,163
CCGCAG,163
TCACAT,163
ATCCTT,163
CAAGCA,163
GCCGCA,163
TCGAAA,163
ACCATT,163
CGCTTC,163
GCTACA,163
TAACAT,163
AGAGAA,163
AGATAC,163
TCCGCA,163
AGAATC,163
CGGCCG,163
AACCAG,163
TGACAA,163
CCTAAG,163
TAAATC,163
GACGTC,163
TTTCCA,163
CTCAAT,163
CTTGAC,163
GTACTC,163
AACATA,163
ACATTC,163
TGACTC,162
ACGCAC,162
GCCCTT,162
AAACAG,162
CGCAGC,162
ATTTTC,162
GTAACA,162
GGCCAC,162
ACAGCA,162
GAGACA,162
AATAAA,162
CCGTCG,162
CCGCAT,162
ATGACA,162
ACCGGC,162
GAGAAC,162
CCCTAG,162
ACGAGA,162
ACCGTA,162
TTCGAC,161
AATCGA,161
TAGCCA,161
TCTCGC,161
AATCGC,161
GCAGAC,161
TGCCCT,161
CTACGA,161
CGATGA,161
CTGCAA,161
ATATAC,161
ACGAAG,161
TACTGC,161
GAAGAC,161
TATCCA,161
GTCGCC,160
ATACTC,160
TGCTCC,160
GAGCCA,160
TTATCC,160
GGCGCC,160
AACACG,160
TATTCC,160
CCACAG,160
AGCAAA,160
AGACGA,160
CTTTTT,160
ACCGGA,160
TTCTCA,160
TAATCC,160
CGAAGA,160
CGCAAA,160
TACTCA,160
TGAACA,160
TAACTA,160
ATTCAA,159
ATCTCA,159
CTCTTA,159
ATGAAC,159
ACGTAA,159
CTCTAT,159
AGCCAA,159
AGGAAC,159
TCATAA,159
AGCCGA,159
CACTGA,159
AGTCTC,159
CCGCGA,159
GTAAAA,159
ACCTTA,159
AACGGC,159
GCAACG,159
ACTCGC,159
CCTGTC,158
AATCAT,158
AAGAGA,158
TACTAA,158
CAGTCT,158
CCTAGC,158
CCGAAG,158
CGTCCA,158
CGCATC,158
AATCTA,158
GTCAAC,158
GCCCAT,158
TCTTTC,158
TGCACA,158
CGCCCG,158
AAATGC,158
GCCGCG,158
CGGACC,158
TCGCAC,157
GAAAAT,157
CCTTCG,157
TACAGA,157
ATCCGC,157
GATCCA,157
TTCCGC,157
CAACAG,157
TAAACT,157
TGTCCC,157
CACGTC,157
AAATCT,157
CATCTT,157
CCGCTC,157
TTTCCT,157
CCAGCA,157
ATCCAT,157
TGACGA,157
TCGCCT,156
CCTGCG,156
GACGGC,156
CTACTT,156
TCCATG,156
CCGCTT,156
CAGACG,156
GCCCAG,156
ACCTGA,156
AACTGC,156
ACATCT,156
CGAGAA,156
TTCTTC,156
GTCGAC,156
TTGCCA,156
ACTCAT,156
ATTTCC,155
GAACAA,155
CGGACA,155
CAGTAA,155
CTCATG,155
GAAGAA,155
CTGACA,155
CGACAT,155
CAATCT,155
CCATTA,155
CGCCTC,155
ACCCTG,155
TCCGAA,155
TGACGC,155
CGAAAT,155
CCTATA,154
AACCGT,154
ACGGCC,154
TCATAC,154
CAATTC,154
ATCAGC,154
ACTTCC,154
ACCGAT,154
ACATAA,154
TCAGAC,154
TTACTC,154
TTTCTA,154
TATCTC,154
CTAACT,154
CTTTAA,154
ACGCAA,154
CATCCT,154
AGAAAA,154
CCTAGA,154
GTCACC,154
CCAAGT,154
ACAAAG,154
CACCGT,154
GTACAA,154
TCCAAT,153
CGGTAC,153
CCTATT,153
CAGACT,153
GTTCCA,153
AGCCGC,153
ACATGA,153
CGGCAC,153
AATGCC,153
CGAGCC,153
ATCGAC,153
CCAGAT,153
ACCTCG,153
CATGAA,153
CGTCAC,153
TATCAC,153
CATCGC,153
GACTAC,153
CAACTT,153
CAAAAG,153
GCTCTC,153
TGCCGC,152
AACTTA,152
GTCCAA,152
CAACTG,152
GCCAGA,152
CAATAA,152
AACATC,152
TCCCGT,152
TATAAC,152
GAACCT,152
TAACGA,152
TCTCTC,152
CCAGTA,152
CTTTCT,152
ACAAGA,151
GACTCA,151
ACACTT,151
TACACT,151
CCGAGA,151
TAGACC,151
GTCTAC,151
CCATGA,151
ACCAAG,151
CTATCA,151
GACTAA,151
TTTATC,151
CTGCCA,151
CGAACT,151
TACACA,151
CGCCAA,151
TTCTAA,151
ACCTTC,151
ACTTAA,151
AAGCCA,151
CATACT,151
AAGTCC,150
GCCTCT,150
CTTCGC,150
TAGACA,150
ACCCAG,150
CATCTA,150
AACTAT,150
CCGCTA,150
AACCTT,150
GAACGA,150
GCTAAC,150
TCCTGC,150
CCATGC,150
TTAAAA,150
CGATCA,150
ATCATC,150
CGCCTA,150
ACCTAT,150
TCTACA,150
ATTCCA,149
ACGACT,149
AAAATA,149
GAATAC,149
ACGCCG,149
GCCGAT,149
GCTCAC,149
TACATC,148
AGTCCA,148
TACGAC,148
AACAGA,148
CCCTTT,148
AAAACG,148
CTACTG,148
CAACAT,148
ACGACG,148
CTTCAA,148
GCACAA,148
ACGTAC,148
GCACGC,148
CTCCAT,147
ACCTGC,147
CACTTA,147
ACATCA,147
AAAATT,147
CAACGG,147
CTCGAC,147
GAGTCC,147
TACCTA,147
CCTCTT,147
CCCGGA,147
TGCCAC,147
TCAACT,147
ACCCGT,147
TACCGC,147
CATTCC,147
ATCACT,146
GCAAAA,146
ACTTTC,146
TCAATC,146
CAAGAA,146
ACTGAA,146
GGACCA,146
CTCCTT,146
TCTCAA,146
AAGAAA,146
GTCCCT,146
ATCGCC,146
CCTCCG,146
CAAGCC,145
CACCTT,145
CTCGAA,145
CTAAGC,145
GCTAAA,145
GAACTC,145
AAATAA,145
AATGAC,145
ATACAA,145
CATCTC,145
ATCACG,145
AAAAAG,145
GTACCT,145
TGATCC,144
GCCAAC,144
ACCAAT,144
ACCATG,144
CGTACC,144
TACTAC,144
CTCATA,144
ACCAGC,144
CATGCC,144
ACTGCC,144
GATCAC,144
CCTTGA,144
CCTGAT,144
GACCCG,144
TCGAAC,144
TTAAAC,144
GACACA,144
CCAAAG,144
CAGCAC,144
TCGACA,143
GTGCCC,143
TAGCCC,143
TAACTC,143
TTAACA,143
GCCACG,143
TGCCCA,143
CCCGTT,143
AAGCAC,143
TCTAAC,143
AGATCC,143
TCCGCC,143
GACGAA,143
CACATA,142
TGCAAC,142
CAAAGC,142
ACAAGC,142
CGCTAC,142
CACGCT,142
CTTCTA,142
TACCGA,142
CATCAT,142
TAACCT,141
AGGCCC,141
ATCAAA,141
TGAAAC,141
ACGGAC,141
AATCAA,141
CACAGC,141
ATCCGA,141
CCCGTA,141
CCATAT,141
TCACGA,141
GACAAA,141
CCACGG,141
TTCCTC,141
ACATTA,141
TCAAAA,141
ATACCT,141
CCGCGC,141
TAGCAC,141
CGCGCC,141
TGCACC,140
CTCCGA,140
CAGTAC,140
CTAGCC,140
AGCCTC,140
CATGAC,140
CTCTAA,140
CCGCCG,140
CCCTTA,140
GAAACA,140
GCCACT,140
AAGAAC,140
AACAGC,140
AAACCG,140
CGACCT,140
TTTTAA,140
GAATCC,140
TTACAA,140
GGAAAA,139
CACTCG,139
CCGTCA,139
AGCTCC,139
TCCTAT,139
GCCTAC,139
ACTATC,139
CCCATG,139
ATGCCC,139
CACGAA,139
AGCAAC,139
CGATAC,139
CGATCC,139
CGAAAA,139
AAACAT,139
CTAATC,139
ACAGAA,138
CGCGAC,138
CACGCA,138
GCACCT,138
TGACAC,138
AACGAA,138
CCCAGT,138
GCAACA,138
GCACTC,138
CCTAAT,138
TCCATA,137
ACCGCA,137
ACTGAC,137
CCACAT,137
CGACGA,137
TTCCAA,137
CCTTCT,137
CTCAGC,137
CTACGC,137
TGAACC,137
TCATCC,137
CAAACT,137
CTCCGC,137
AGACAA,137
AACTGA,137
CGACTA,137
TCCCAG,137
TTGCAC,137
ATAACA,137
TTTTCT,137
AAGACA,136
TAGAAC,136
TCCTAA,136
CACAGA,136
CTCTTC,136
ATCCCG,136
TTCTCG,136
AATCTC,136
CCGTAC,136
GATACC,136
GATAAC,136
CAGCCT,136
GCCCTA,136
TCCATC,136
ATAAAA,136
AAAGAC,136
CTGAAC,135
ACAGCC,135
CCGACG,135
CTACAT,135
ACAGAC,135
CGTAAC,135
TCGACC,135
GCCACA,135
CATAAC,135
AATCCT,135
CACCTG,135
CGCCGC,135
CACAAT,135
GGACAC,134
CAATCA,134
CACTAA,134
GTACAC,134
ACTTCA,134
GACACT,134
CCACTT,134
CACCAG,134
TTCATA,134
AGACTC,134
CCCCGG,134
AACGCC,134
AAAGCC,134
GAGAAA,134
ACTCTA,134
TCTTCC,134
CCATCA,134
ACAAAT,134
ATTCCC,134
CCACTG,134
CCCAAG,134
CCCAGC,134
CTTACA,133
GACGCC,133
AACCCG,133
AATTCC,133
CCAATA,133
TACCCT,133
TCCCTT,133
GCCTAA,133
ACTCTC,133
AAATAC,132
CGAAGC,132
CACACG,132
TGACCA,132
TTCATC,132
TAAACA,132
CCACGT,132
TATCCC,132
AAACGC,132
GTACCG,132
GCGCAC,132
TTCAAA,132
TCACTA,132
AATCAC,132
CTCCTA,132
GCAAAC,132
CCAAGC,132
GCGACC,132
TCCGAC,131
CTTTTC,131
CCGTAA,131
GCGCCC,131
GGAACC,131
GCCGAC,131
GCCATC,131
CATACA,131
CTAAAA,131
ACTTAC,131
ACCCTT,131
GTTCCC,131
ACTAAA,131
CTTCCT,131
ACTACT,131
TCACGC,131
ACGTCC,130
CATAAA,130
ATACCA,130
AAAAAT,130
GCCAAA,130
TCCTAC,130
ATCCTC,130
AAATTC,130
AAAGAA,130
CGAACA,130
AGTCCC,129
CCATTC,129
CCAGTC,129
AAAACT,129
CTACTA,129
CACTGC,129
GACCGA,129
GCCCGA,129
CGCCCT,129
CATCAA,129
AGCACC,129
TTCGCC,129
CAGCCA,129
ACGAAA,129
CAAGAC,129
GCTACC,129
CTGACC,129
TCACCT,128
TCCTCT,128
TCCTCG,128
TTAACC,128
AAAAGA,128
TCCCGA,128
CACGCG,128
ACTCGA,128
GCCGAA,128
GTCCTC,128
TCCCGC,128
TTGCCC,128
ACAATA,128
GTACCA,128
CCATCT,128
AATACC,128
CCAAGA,128
CCTCGA,127
CCCGGC,127
CCCATT,127
GCCGCC,127
AGCCAC,127
AAAAGC,127
AACCAT,127
AACACT,126
ACCGAA,126
AGAACA,126
CCCCTG,126
ACGCCA,126
CAGAAC,126
ATCACA,126
ATCCTA,126
TACAAA,125
GACCTA,125
GACACC,125
CTAACC,125
ACAATC,125
ATGACC,125
AAACTA,125
CCGACT,125
CCCGAG,125
CCGCAA,125
ATTCAC,125
CATACC,125
CAATAC,125
ACCTCT,125
CTTCTC,124
TCAAAC,124
CGCCGA,124
CGACTC,124
CACTTC,124
ACACAT,124
AACCGC,124
TACCTC,124
ACCCAT,124
ACATCC,124
AAATCA,124
CAAAGA,124
TATACC,124
CAAATC,124
ATCCAA,124
GACCGC,124
TACTCC,124
AGCCCT,124
CTCGCC,123
AGCCCA,123
ACACTC,123
ACCTAA,123
CACGGC,123
TCACTC,123
ACACTA,123
CCCGCG,123
TTACAC,123
GACCCT,123
ATTACC,123
CTAGAC,123
GCCCGC,122
ACACCG,122
GACTCC,122
ATAAAC,122
CGACGC,122
ACAACG,122
CAGACA,122
GCTCCC,122
CTCATC,122
ACACGA,122
CTTAAC,122
GGCCCC,122
GACCTC,122
TCCCTA,122
TCACAA,121
TTACCG,121
CCTGCC,121
CAGAAA,121
ATAACC,121
TCTCCT,121
AGAACC,121
CCATAA,121
CCTCAT,121
CGGCCC,120
AAACTC,120
CCTTAC,120
CGCAAC,120
CACTCA,120
CCTTAA,120
AACTCA,120
GCAACC,120
CTTTAC,120
TTACCA,119
CCGTCT,119
CCAGCC,119
GAGCCC,119
CTGCAC,119
CAACGA,119
TTTTAC,119
CGCCAC,119
AACACA,119
CTATCC,119
ACACGC,118
ACTAAC,118
ACCGCC,118
TCCCCT,118
ACACCT,118
AAAATC,118
CCGAAT,118
CCCGTC,118
TCGCCC,118
GCCCAA,118
CCTCGC,117
ACCCGC,117
ACCATA,117
ACTCAC,117
CCCTGA,117
ACCATC,117
CATCCA,117
TTTCAC,117
ATCCCT,117
CCGCCT,117
ACTCAA,117
CCTTTC,117
AGACAC,117
ATCTCC,117
CCGTCC,117
GTCCAC,116
CTATAC,116
CCCATC,116
CGCACT,116
ACAACT,116
AACAAA,116
GAACCA,116
CCAGAA,116
CGAAAC,115
CAGTCC,115
TCCACT,115
CGTGAA,115
TTGACC,115
TAACCA,115
AACTAA,115
TCTCCA,115
GTCCCA,115
CCTACT,115
CTACCA,115
AAACGA,115
GCACCG,115
ACCAGA,114
CAACCG,114
ACGACA,114
CCTTCA,114
CGACCG,114
ACTCCT,114
CAAACG,114
TTTTTT,114
GCCCCG,114
CTCCTC,114
AATAAC,114
TCCTCA,114
AATCCA,114
CCCTGC,114
CCTCTA,113
AACCGA,113
CCCGCA,113
CTCCAA,113
TAAAAA,113
TACCAC,113
ACCACG,113
CAGCCC,113
CCTATC,113
CACGCC,113
CGCTCC,113
GAAACC,113
CCAAAT,113
TTTAAA,113
TTCAAC,112
ATCAAC,112
CTTAAA,112
GACCCA,112
TCCCCG,112
CCCCAG,112
ATACCC,112
CCTCAA,112
CCGATC,112
CTTACC,112
CTACAA,111
CACACT,111
AAGCCC,111
CTCTCA,111
TTCCCT,111
CACTAC,111
TACCAA,111
GCCTCC,111
CTTCCA,111
CCCCGT,111
CACATC,110
CCACTA,110
CCCGAT,110
CCACAA,110
CCCAGA,110
AACGAC,110
AACTAC,110
CTCTCG,110
GCCCTC,110
AACCTC,110
ACGACC,110
CACCAT,110
TCACCG,110
CCTCCA,109
ACTACC,109
CCGCAC,109
TCTACC,109
CTTCAC,109
AAACCT,109
CGCCCA,109
CCTTCC,109
GCACCA,109
CAGACC,109
TAAACC,109
TCAACA,109
CATCAC,109
CTGCCC,109
TTCTCT,108
TCCTTC,108
GGTCTC,108
CCAACG,108
CCTCTC,108
CCCTTC,108
AGAAAC,108
ACGCCC,108
TCTCAC,108
GACCAC,107
TAACAC,107
ACCTAC,107
CTCCCG,107
CCTACA,107
CAACCA,107
TTCTAC,107
CCCTCG,107
ACCGAC,107
CCACGA,107
CGACCA,106
TCCCAT,106
ACCCTC,106
AACAAC,106
CTAACA,106
AAGACC,106
ATCACC,106
TAAAAC,106
CACGAC,106
CAAACA,106
TTTCTC,105
AACCCT,105
CCCATA,105
ATACAC,105
GAACAC,105
CGTCCC,105
CTAAAC,105
CGACAA,105
CACAAA,104
AACTCC,104
ACTACA,104
CCGACA,104
CTTTCC,104
CCTGAA,104
CTCACG,104
CCAAAA,104
CTCCAC,104
CACCGA,104
ACCACT,103
CATCCC,103
CCTAAA,103
ACATAC,103
CTACAC,103
ACACAA,103
CACTCT,103
GATCCC,103
GCCACC,103
TAACAA,103
CTCTAC,102
CCCCTT,102
CACCAA,102
ACCCGA,102
CACCTC,102
AACCCA,102
GCACCC,102
CCCAAT,102
TTACCT,102
ACCAAC,102
CCAGAC,101
ACCTCA,101
TCCAAA,101
ATCCAC,101
CGCACA,101
TTTACC,101
GCACAC,100
CAACTA,100
AGCCCC,100
CTCAAA,100
CTACTC,100
TACCCA,100
TCCCTC,100
GACGAC,100
ACGAAC,100
CAACGC,100
CCTGAC,100
CCAACT,99
CCTCCT,99
TCCTCC,99
CCACCT,99
CAACAA,99
CCCCAT,99
CAACCT,99
GAAAAC,98
CCATCC,98
TTCCAC,98
CCCTAT,98
ACCCTA,98
CCTAAC,98
CCGACC,98
GAACCC,97
TGACCC,97
TCCAAC,97
GCCCCT,97
CTACCT,97
CCCGCT,97
GCCCCA,97
CAATCC,97
ACAAAC,97
AACCTA,97
TTTTCC,97
ACTCCA,97
ACTCCC,96
CTCCCT,96
CCCGCC,96
TACACC,96
AACCAA,96
CTCAAC,96
CAACTC,96
TCCACG,96
CACCTA,96
TTTAAC,95
CTACCG,95
CCCCTA,95
TAACCC,95
CCATAC,94
CCCCGC,94
AACCAC,94
ACCCCG,94
TGCCCC,94
ACAACA,93
ATCCCA,93
CACCGC,93
AAAACA,93
TCCCAC,93
GCCCAC,93
GGACCC,93
CACCCT,92
CACCCA,92
CCAATC,92
CTCTCC,92
CGACAC,92
TCACAC,92
CCCACG,92
GACAAC,92
CCACTC,91
CGAACC,91
AATCCC,91
TCACCA,90
TCTCCC,90
CCTCAC,90
ACACCC,90
AAACAA,89
ACAAAA,89
CCCGAA,89
GACCAA,89
CCGCCA,89
GAAAAA,89
CCGAAA,89
TCAACC,88
CCCACT,88
ATCCCC,87
CCGAAC,87
AACACC,87
CCCTCT,87
GTACCC,86
CACAAC,86
AAACCC,86
TTCCCA,86
CCAAAC,86
TTCCCG,86
AAAACC,86
TACAAC,85
CCCCGA,85
ACCTCC,85
CGCACC,85
CCTACC,85
CCCTAA,84
ACACAC,84
TCCCCA,84
CAAAAA,84
GACCCC,84
CCCCTC,84
ACCCAA,84
TTCTCC,84
TTCACG,83
TCCACA,83
GTCTCC,83
CTCCCA,82
ACCACA,82
TCCCAA,82
CGCACG,82
ACCCAC,82
CAAAAC,82
CAACAC,81
CCACCA,81
CCCTAC,81
CACACA,81
CAAACC,81
CCAACA,81
CACTCC,80
CGACCC,80
ACACCA,80
AAAAAA,79
CACCAC,79
CCCTCA,79
CCACCG,79
CTTCCC,78
GTCCCC,78
CCAACC,78
CCGCCC,77
TCACCC,77
CTCACA,77
CACCCG,77
CCACGC,77
CCCGAC,77
ACCACC,76
CCCCAA,76
CTCACT,76
ACCCCA,76
CCCAAC,75
TTTTTC,75
CAACCC,75
AAACCA,75
TTTCCC,74
TCCACC,74
CCACAC,73
AAACAC,73
ACCAAA,73
AAATCC,71
CTACCC,71
TACCCC,70
ACAACC,70
CCCTCC,68
CGCCCC,68
CCCCCA,67
CCCAAA,66
CCACCC,66
AAAAAC,66
TTCACA,65
AACCCC,65
TTACCC,65
TTCCCC,65
ACCCCT,64
CCTCCC,64
CACCCC,64
CTCCCC,63
CCCCCT,62
TTCACT,62
CACACC,61
CCCCAC,60
CTCACC,57
CCCCCG,56
TCCCCC,54
AGGTCT,50
ACCCCC,50
CCCACC,49
GTCTCA,49
CCCACA,48
GCCCCC,46
TGGTCT,40
GGGTCT,38
TTCACC,36
GTCTCG,32
CCCCCC,29
CGGTCT,28
CTCTCT,22
AGACCA,18
AGACCG,17
AGACCC,11
AGACCT,10
GTCTCT,8
CGAGAC,7
GGAGAC,4
TGAGAC,4
